ID,Label,Category
Abba 2,Abba 2,Person
Abba 4,Abba 4,Person
Abba 5,Abba 5,Person
Abba 6,Abba 6,Person
Abba 7,Abba 7,Person
Abba 8,Abba 8,Person
Abonis 1,Abonis 1,Person
Acca 1,Acca 1,Person
Acca 2,Acca 2,Person
Acca 4,Acca 4,Person
Acca 5,Acca 5,Person
Acca 6,Acca 6,Person
Acca 7,Acca 7,Person
Acca 8,Acca 8,Person
Adda 4,Adda 4,Person
Addan 1,Addan 1,Person
Adriod 1,Adriod 1,Person
Æbane 1,Æbane 1,Person
Æbbe 3,Æbbe 3,Person
Ædda 1,Ædda 1,Person
Æffa 1,Æffa 1,Person
Ælberht 1,Ælberht 1,Person
Ælbred 1,Ælbred 1,Person
Ælbwald 1,Ælbwald 1,Person
Ældred 1,Ældred 1,Person
Ældred 2,Ældred 2,Person
Ælfflæd 5,Ælfflæd 5,Person
Ælfflæd 7,Ælfflæd 7,Person
Ælfflæd 8,Ælfflæd 8,Person
Ælfgyth 1,Ælfgyth 1,Person
Ælfgyth 2,Ælfgyth 2,Person
Ælfheah 19,Ælfheah 19,Person
Ælfheah 4,Ælfheah 4,Person
Ælfhere 2,Ælfhere 2,Person
Ælfhere 4,Ælfhere 4,Person
Ælfhere 9,Ælfhere 9,Person
Ælfhun 1,Ælfhun 1,Person
Ælfric 4,Ælfric 4,Person
Ælfric 5,Ælfric 5,Person
Ælfric 6,Ælfric 6,Person
Ælfric 9,Ælfric 9,Person
Ælfsige 6,Ælfsige 6,Person
Ælfstan 1,Ælfstan 1,Person
Ælfstan 10,Ælfstan 10,Person
Ælfstan 11,Ælfstan 11,Person
Ælfstan 2,Ælfstan 2,Person
Ælfstan 25,Ælfstan 25,Person
Ælfstan 3,Ælfstan 3,Person
Ælfstan 5,Ælfstan 5,Person
Ælfstan 6,Ælfstan 6,Person
Ælfstan 7,Ælfstan 7,Person
Ælfstan 8,Ælfstan 8,Person
Ælfstan 9,Ælfstan 9,Person
Ælfthryth 3,Ælfthryth 3,Person
Ælfwald 10,Ælfwald 10,Person
Ælfwald 11,Ælfwald 11,Person
Ælfwald 8,Ælfwald 8,Person
Ælfweard 3,Ælfweard 3,Person
Ælfwig 1,Ælfwig 1,Person
Ælfwine 8,Ælfwine 8,Person
Ælfwynn 2,Ælfwynn 2,Person
Ælla 1,Ælla 1,Person
Ælred 1,Ælred 1,Person
Ælric 1,Ælric 1,Person
Ælwytha 1,Ælwytha 1,Person
Æmele 1,Æmele 1,Person
Ænna 1,Ænna 1,Person
Ænund 1,Ænund 1,Person
Æsca 1,Æsca 1,Person
Æscberht 1,Æscberht 1,Person
Æscburg 1,Æscburg 1,Person
Æscheard 1,Æscheard 1,Person
Æscmund 1,Æscmund 1,Person
Æscred 1,Æscred 1,Person
Æscwald 1,Æscwald 1,Person
Æscwald 2,Æscwald 2,Person
Æscwald 3,Æscwald 3,Person
Æscwald 4,Æscwald 4,Person
Æscwine 1,Æscwine 1,Person
Æscwulf 2,Æscwulf 2,Person
Æse 1,Æse 1,Person
Æssica 1,Æssica 1,Person
Æthel 1,Æthel 1,Person
Æthelbald 10,Æthelbald 10,Person
Æthelbald 11,Æthelbald 11,Person
Æthelbald 12,Æthelbald 12,Person
Æthelbald 13,Æthelbald 13,Person
Æthelbald 15,Æthelbald 15,Person
Æthelbald 2,Æthelbald 2,Person
Æthelbald 3,Æthelbald 3,Person
Æthelbald 4,Æthelbald 4,Person
Æthelbald 6,Æthelbald 6,Person
Æthelberht 12,Æthelberht 12,Person
Æthelberht 3,Æthelberht 3,Person
Æthelberht 4,Æthelberht 4,Person
Æthelberht 5,Æthelberht 5,Person
Æthelberht 6,Æthelberht 6,Person
Æthelberht 7,Æthelberht 7,Person
Æthelberht 9,Æthelberht 9,Person
Æthelburg 3,Æthelburg 3,Person
Æthelburg 5,Æthelburg 5,Person
Æthelburg 6,Æthelburg 6,Person
Æthelburg 7,Æthelburg 7,Person
Æthelburg 8,Æthelburg 8,Person
Æthelflæd 4,Æthelflæd 4,Person
Æthelflæd 5,Æthelflæd 5,Person
Æthelfrith 10,Æthelfrith 10,Person
Æthelfrith 11,Æthelfrith 11,Person
Æthelfrith 12,Æthelfrith 12,Person
Æthelfrith 3,Æthelfrith 3,Person
Æthelfrith 4,Æthelfrith 4,Person
Æthelfrith 5,Æthelfrith 5,Person
Æthelfrith 6,Æthelfrith 6,Person
Æthelfrith 7,Æthelfrith 7,Person
Æthelfrith 8,Æthelfrith 8,Person
Æthelfrith 9,Æthelfrith 9,Person
Æthelgar 1,Æthelgar 1,Person
Æthelgar 2,Æthelgar 2,Person
Æthelgeard 1,Æthelgeard 1,Person
Æthelgifu 4,Æthelgifu 4,Person
Æthelheah 1,Æthelheah 1,Person
Æthelheah 10,Æthelheah 10,Person
Æthelheah 11,Æthelheah 11,Person
Æthelheah 12,Æthelheah 12,Person
Æthelheah 13,Æthelheah 13,Person
Æthelheah 2,Æthelheah 2,Person
Æthelheah 3,Æthelheah 3,Person
Æthelheah 4,Æthelheah 4,Person
Æthelheah 5,Æthelheah 5,Person
Æthelheah 6,Æthelheah 6,Person
Æthelheah 7,Æthelheah 7,Person
Æthelheah 8,Æthelheah 8,Person
Æthelheah 9,Æthelheah 9,Person
Æthelheard 1,Æthelheard 1,Person
Æthelheard 10,Æthelheard 10,Person
Æthelheard 13,Æthelheard 13,Person
Æthelheard 14,Æthelheard 14,Person
Æthelheard 15,Æthelheard 15,Person
Æthelheard 16,Æthelheard 16,Person
Æthelheard 17,Æthelheard 17,Person
Æthelheard 18,Æthelheard 18,Person
Æthelheard 19,Æthelheard 19,Person
Æthelheard 2,Æthelheard 2,Person
Æthelheard 20,Æthelheard 20,Person
Æthelheard 21,Æthelheard 21,Person
Æthelheard 3,Æthelheard 3,Person
Æthelheard 4,Æthelheard 4,Person
Æthelheard 5,Æthelheard 5,Person
Æthelheard 6,Æthelheard 6,Person
Æthelheard 7,Æthelheard 7,Person
Æthelheard 8,Æthelheard 8,Person
Æthelhelm 2,Æthelhelm 2,Person
Æthelhelm 5,Æthelhelm 5,Person
Æthelhelm 6,Æthelhelm 6,Person
Æthelhelm 7,Æthelhelm 7,Person
Æthelhelm 8,Æthelhelm 8,Person
Æthelhelm 9,Æthelhelm 9,Person
Æthelhere 4,Æthelhere 4,Person
Æthelhere 5,Æthelhere 5,Person
Æthelhere 6,Æthelhere 6,Person
Æthelhere 8,Æthelhere 8,Person
Æthelhun 10,Æthelhun 10,Person
Æthelhun 11,Æthelhun 11,Person
Æthelhun 12,Æthelhun 12,Person
Æthelhun 13,Æthelhun 13,Person
Æthelhun 14,Æthelhun 14,Person
Æthelhun 15,Æthelhun 15,Person
Æthelhun 18,Æthelhun 18,Person
Æthelhun 4,Æthelhun 4,Person
Æthelhun 5,Æthelhun 5,Person
Æthelhun 7,Æthelhun 7,Person
Æthelhun 8,Æthelhun 8,Person
Æthelhun 9,Æthelhun 9,Person
Æthellen 1,Æthellen 1,Person
Æthelmær 4,Æthelmær 4,Person
Æthelmær 5,Æthelmær 5,Person
Æthelmod 1,Æthelmod 1,Person
Æthelmod 2,Æthelmod 2,Person
Æthelmod 3,Æthelmod 3,Person
Æthelmod 4,Æthelmod 4,Person
Æthelmod 5,Æthelmod 5,Person
Æthelmod 6,Æthelmod 6,Person
Æthelmod 7,Æthelmod 7,Person
Æthelmund 1,Æthelmund 1,Person
Æthelmund 10,Æthelmund 10,Person
Æthelmund 11,Æthelmund 11,Person
Æthelmund 12,Æthelmund 12,Person
Æthelmund 13,Æthelmund 13,Person
Æthelmund 2,Æthelmund 2,Person
Æthelmund 3,Æthelmund 3,Person
Æthelmund 6,Æthelmund 6,Person
Æthelmund 7,Æthelmund 7,Person
Æthelmund 8,Æthelmund 8,Person
Æthelmund 9,Æthelmund 9,Person
Æthelnoth 11,Æthelnoth 11,Person
Æthelnoth 12,Æthelnoth 12,Person
Æthelnoth 13,Æthelnoth 13,Person
Æthelnoth 14,Æthelnoth 14,Person
Æthelnoth 15,Æthelnoth 15,Person
Æthelnoth 18,Æthelnoth 18,Person
Æthelnoth 4,Æthelnoth 4,Person
Æthelnoth 6,Æthelnoth 6,Person
Æthelnoth 7,Æthelnoth 7,Person
Æthelnoth 8,Æthelnoth 8,Person
Æthelred 1,Æthelred 1,Person
Æthelred 10,Æthelred 10,Person
Æthelred 11,Æthelred 11,Person
Æthelred 12,Æthelred 12,Person
Æthelred 13,Æthelred 13,Person
Æthelred 14,Æthelred 14,Person
Æthelred 15,Æthelred 15,Person
Æthelred 16,Æthelred 16,Person
Æthelred 18,Æthelred 18,Person
Æthelred 19,Æthelred 19,Person
Æthelred 2,Æthelred 2,Person
Æthelred 20,Æthelred 20,Person
Æthelred 4,Æthelred 4,Person
Æthelred 5,Æthelred 5,Person
Æthelred 6,Æthelred 6,Person
Æthelred 9,Æthelred 9,Person
Æthelred Mucel 1,Æthelred Mucel 1,Person
Æthelric 11,Æthelric 11,Person
Æthelric 12,Æthelric 12,Person
Æthelric 13,Æthelric 13,Person
Æthelric 14,Æthelric 14,Person
Æthelric 4,Æthelric 4,Person
Æthelric 5,Æthelric 5,Person
Æthelric 7,Æthelric 7,Person
Æthelric 8,Æthelric 8,Person
Æthelric 9,Æthelric 9,Person
Æthelscic 1,Æthelscic 1,Person
Æthelstan 1,Æthelstan 1,Person
Æthelstan 10,Æthelstan 10,Person
Æthelstan 11,Æthelstan 11,Person
Æthelstan 12,Æthelstan 12,Person
Æthelstan 13,Æthelstan 13,Person
Æthelstan 14,Æthelstan 14,Person
Æthelstan 26,Æthelstan 26,Person
Æthelstan 3,Æthelstan 3,Person
Æthelstan 6,Æthelstan 6,Person
Æthelstan 7,Æthelstan 7,Person
Æthelstan 8,Æthelstan 8,Person
Æthelstan 9,Æthelstan 9,Person
Æthelswith 1,Æthelswith 1,Person
Æthelswith 2,Æthelswith 2,Person
Æthelswith 3,Æthelswith 3,Person
Æthelswith 5,Æthelswith 5,Person
Æthelthryth 3,Æthelthryth 3,Person
Æthelthryth 4,Æthelthryth 4,Person
Ætheluch 1,Ætheluch 1,Person
Æthelwald 10,Æthelwald 10,Person
Æthelwald 13,Æthelwald 13,Person
Æthelwald 16,Æthelwald 16,Person
Æthelwald 18,Æthelwald 18,Person
Æthelwald 19,Æthelwald 19,Person
Æthelwald 20,Æthelwald 20,Person
Æthelwald 21,Æthelwald 21,Person
Æthelwald 22,Æthelwald 22,Person
Æthelwald 23,Æthelwald 23,Person
Æthelwald 24,Æthelwald 24,Person
Æthelwald 27,Æthelwald 27,Person
Æthelwald 28,Æthelwald 28,Person
Æthelwald 29,Æthelwald 29,Person
Æthelwald 30,Æthelwald 30,Person
Æthelwald 31,Æthelwald 31,Person
Æthelwald 32,Æthelwald 32,Person
Æthelwald 34,Æthelwald 34,Person
Æthelwald 35,Æthelwald 35,Person
Æthelwald 36,Æthelwald 36,Person
Æthelwald 4,Æthelwald 4,Person
Æthelweald 1,Æthelweald 1,Person
Æthelweald 2,Æthelweald 2,Person
Æthelweald 3,Æthelweald 3,Person
Æthelweard 14,Æthelweard 14,Person
Æthelweard 3,Æthelweard 3,Person
Æthelweard 4,Æthelweard 4,Person
Æthelwine 1,Æthelwine 1,Person
Æthelwine 11,Æthelwine 11,Person
Æthelwine 9,Æthelwine 9,Person
Æthelwulf 1,Æthelwulf 1,Person
Æthelwulf 10,Æthelwulf 10,Person
Æthelwulf 11,Æthelwulf 11,Person
Æthelwulf 13,Æthelwulf 13,Person
Æthelwulf 14,Æthelwulf 14,Person
Æthelwulf 16,Æthelwulf 16,Person
Æthelwulf 17,Æthelwulf 17,Person
Æthelwulf 20,Æthelwulf 20,Person
Æthelwulf 21,Æthelwulf 21,Person
Æthelwulf 22,Æthelwulf 22,Person
Æthelwulf 23,Æthelwulf 23,Person
Æthelwulf 24,Æthelwulf 24,Person
Æthelwulf 25,Æthelwulf 25,Person
Æthelwulf 3,Æthelwulf 3,Person
Æthelwulf 4,Æthelwulf 4,Person
Æthelwulf 6,Æthelwulf 6,Person
Æthelwulf 7,Æthelwulf 7,Person
Æthelwulf 8,Æthelwulf 8,Person
Æthelwulf 9,Æthelwulf 9,Person
Æthred 1,Æthred 1,Person
Æthulgils 1,Æthulgils 1,Person
Ætte 1,Ætte 1,Person
Agatho 2,Agatho 2,Person
Agesmund 1,Agesmund 1,Person
Agonwala 1,Agonwala 1,Person
Albinus 2,Albinus 2,Person
Alda 1,Alda 1,Person
Aldceorl 1,Aldceorl 1,Person
Aldhelm 3,Aldhelm 3,Person
Aldhelm 4,Aldhelm 4,Person
Aldhelm 5,Aldhelm 5,Person
Alfred 11,Alfred 11,Person
Alfred 12,Alfred 12,Person
Alfred 13,Alfred 13,Person
Alfred 14,Alfred 14,Person
Alfred 15,Alfred 15,Person
Alfred 17,Alfred 17,Person
Alfred 18,Alfred 18,Person
Alfred 23,Alfred 23,Person
Alfred 3,Alfred 3,Person
Alfred 4,Alfred 4,Person
Alfred 5,Alfred 5,Person
Alfred 6,Alfred 6,Person
Alfred 8,Alfred 8,Person
Alfred 9,Alfred 9,Person
Aloburg 1,Aloburg 1,Person
Alric 1,Alric 1,Person
Alric 2,Alric 2,Person
Alta 1,Alta 1,Person
Alwig 1,Alwig 1,Person
Alwine 1,Alwine 1,Person
Anonymi 1054,Anonymi 1054,Person
Anonymi 1055,Anonymi 1055,Person
Anonymi 1056,Anonymi 1056,Person
Anonymi 1057,Anonymi 1057,Person
Anonymi 1058,Anonymi 1058,Person
Anonymi 1059,Anonymi 1059,Person
Anonymi 1060,Anonymi 1060,Person
Anonymi 1061,Anonymi 1061,Person
Anonymi 1062,Anonymi 1062,Person
Anonymi 1063,Anonymi 1063,Person
Anonymi 1064,Anonymi 1064,Person
Anonymi 1065,Anonymi 1065,Person
Anonymi 1066,Anonymi 1066,Person
Anonymi 1067,Anonymi 1067,Person
Anonymi 1251,Anonymi 1251,Person
Anonymi 1252,Anonymi 1252,Person
Anonymi 1253,Anonymi 1253,Person
Anonymi 1254,Anonymi 1254,Person
Anonymi 1255,Anonymi 1255,Person
Anonymi 1256,Anonymi 1256,Person
Anonymi 1271,Anonymi 1271,Person
Anonymi 1272,Anonymi 1272,Person
Anonymi 1291,Anonymi 1291,Person
Anonymi 1292,Anonymi 1292,Person
Anonymi 1293,Anonymi 1293,Person
Anonymi 1294,Anonymi 1294,Person
Anonymi 1299,Anonymi 1299,Person
Anonymi 1300,Anonymi 1300,Person
Anonymi 1715,Anonymi 1715,Person
Anonymi 1716,Anonymi 1716,Person
Anonymi 1718,Anonymi 1718,Person
Anonymous 318,Anonymous 318,Person
Anonymous 320,Anonymous 320,Person
Anonymous 321,Anonymous 321,Person
Anonymous 322,Anonymous 322,Person
Anonymous 323,Anonymous 323,Person
Anonymous 434,Anonymous 434,Person
Anonymous 435,Anonymous 435,Person
Anonymous 436,Anonymous 436,Person
Anonymous 437,Anonymous 437,Person
Anonymous 438,Anonymous 438,Person
Anonymous 440,Anonymous 440,Person
Anonymous 447,Anonymous 447,Person
Anonymous 448,Anonymous 448,Person
Anonymous 466,Anonymous 466,Person
Anonymous 467,Anonymous 467,Person
Anonymous 469,Anonymous 469,Person
Anonymous 470,Anonymous 470,Person
Anonymous 471,Anonymous 471,Person
Anonymous 475,Anonymous 475,Person
Anonymous 476,Anonymous 476,Person
Anonymous 478,Anonymous 478,Person
Anonymous 479,Anonymous 479,Person
Anonymous 480,Anonymous 480,Person
Anonymous 481,Anonymous 481,Person
Anonymous 482,Anonymous 482,Person
Anonymous 483,Anonymous 483,Person
Anonymous 484,Anonymous 484,Person
Anonymous 485,Anonymous 485,Person
Anonymous 683,Anonymous 683,Person
Anonymous 684,Anonymous 684,Person
Anonymous 685,Anonymous 685,Person
Anonymous 686,Anonymous 686,Person
Anonymous 687,Anonymous 687,Person
Anonymous 688,Anonymous 688,Person
Anonymous 689,Anonymous 689,Person
Anonymous 897,Anonymous 897,Person
Anonymous 898,Anonymous 898,Person
Anonymous 899,Anonymous 899,Person
Ansith 1,Ansith 1,Person
Athulf 2,Athulf 2,Person
Athulf 5,Athulf 5,Person
Augemund 1,Augemund 1,Person
Augustine 1,Augustine 1,Person
Babba 1,Babba 1,Person
Babba 2,Babba 2,Person
Babba 3,Babba 3,Person
Bacola 1,Bacola 1,Person
Badaheard 1,Badaheard 1,Person
Badanoth 1,Badanoth 1,Person
Badanoth 2,Badanoth 2,Person
Badanoth 3,Badanoth 3,Person
Badoheard 1,Badoheard 1,Person
Badothin 1,Badothin 1,Person
Badunoth 1,Badunoth 1,Person
Baduwald 1,Baduwald 1,Person
Bægia 1,Bægia 1,Person
Bægloc 1,Bægloc 1,Person
Bægswyth 1,Bægswyth 1,Person
Baere 1,Baere 1,Person
Baldred 1,Baldred 1,Person
Baldred 2,Baldred 2,Person
Baldred 3,Baldred 3,Person
Baldred 4,Baldred 4,Person
Baldred 6,Baldred 6,Person
Baldred 7,Baldred 7,Person
Baldred 8,Baldred 8,Person
Baltheard 2,Baltheard 2,Person
Baltheard 3,Baltheard 3,Person
Baltheard 4,Baltheard 4,Person
Baltheard 5,Baltheard 5,Person
Balthere 2,Balthere 2,Person
Balthun 1,Balthun 1,Person
Balthun 2,Balthun 2,Person
Banta 1,Banta 1,Person
Banta 2,Banta 2,Person
Beadheard 1,Beadheard 1,Person
Beadufrith 1,Beadufrith 1,Person
Beage 1,Beage 1,Person
Beagmund 1,Beagmund 1,Person
Beagmund 2,Beagmund 2,Person
Beagmund 3,Beagmund 3,Person
Beagmund 4,Beagmund 4,Person
Beagmund 5,Beagmund 5,Person
Beagnoth 1,Beagnoth 1,Person
Beagnoth 3,Beagnoth 3,Person
Beahmund 1,Beahmund 1,Person
Beahnoth 1,Beahnoth 1,Person
Beahstan 1,Beahstan 1,Person
Bealdhun 2,Bealdhun 2,Person
Bealthheth 1,Bealthheth 1,Person
Bealwulf 1,Bealwulf 1,Person
Beasnoth 1,Beasnoth 1,Person
Bectun 1,Bectun 1,Person
Bedwin 1,Bedwin 1,Person
Beffa 1,Beffa 1,Person
Befpha 1,Befpha 1,Person
Bega 1,Bega 1,Person
Benedict 7,Benedict 7,Person
Beoba 1,Beoba 1,Person
Beoba 2,Beoba 2,Person
Beocca 1,Beocca 1,Person
Beocca 2,Beocca 2,Person
Beonna 1,Beonna 1,Person
Beonna 2,Beonna 2,Person
Beonna 3,Beonna 3,Person
Beonna 4,Beonna 4,Person
Beonne 1,Beonne 1,Person
Beorcol 1,Beorcol 1,Person
Beorht 2,Beorht 2,Person
Beorhtfrith 2,Beorhtfrith 2,Person
Beorhtfrith 4,Beorhtfrith 4,Person
Beorhtfrith 5,Beorhtfrith 5,Person
Beorhtfrith 6,Beorhtfrith 6,Person
Beorhtfrith 7,Beorhtfrith 7,Person
Beorhthæth 1,Beorhthæth 1,Person
Beorhthelm 10,Beorhthelm 10,Person
Beorhthelm 2,Beorhthelm 2,Person
Beorhthelm 3,Beorhthelm 3,Person
Beorhthelm 4,Beorhthelm 4,Person
Beorhthelm 5,Beorhthelm 5,Person
Beorhthelm 6,Beorhthelm 6,Person
Beorhthelm 7,Beorhthelm 7,Person
Beorhthelm 8,Beorhthelm 8,Person
Beorhthelm 9,Beorhthelm 9,Person
Beorhthun 3,Beorhthun 3,Person
Beorhthun 4,Beorhthun 4,Person
Beorhthun 5,Beorhthun 5,Person
Beorhthun 6,Beorhthun 6,Person
Beorhtlaf 1,Beorhtlaf 1,Person
Beorhtmær 1,Beorhtmær 1,Person
Beorhtmund 1,Beorhtmund 1,Person
Beorhtmund 2,Beorhtmund 2,Person
Beorhtmund 3,Beorhtmund 3,Person
Beorhtmund 4,Beorhtmund 4,Person
Beorhtnoth 1,Beorhtnoth 1,Person
Beorhtnoth 2,Beorhtnoth 2,Person
Beorhtnoth 4,Beorhtnoth 4,Person
Beorhtnoth 5,Beorhtnoth 5,Person
Beorhtnoth 6,Beorhtnoth 6,Person
Beorhtnoth 7,Beorhtnoth 7,Person
Beorhtnoth 8,Beorhtnoth 8,Person
Beorhtred 1,Beorhtred 1,Person
Beorhtred 3,Beorhtred 3,Person
Beorhtred 4,Beorhtred 4,Person
Beorhtred 5,Beorhtred 5,Person
Beorhtred 6,Beorhtred 6,Person
Beorhtric 1,Beorhtric 1,Person
Beorhtric 2,Beorhtric 2,Person
Beorhtric 3,Beorhtric 3,Person
Beorhtsige 2,Beorhtsige 2,Person
Beorhtsige 6,Beorhtsige 6,Person
Beorhtwald 4,Beorhtwald 4,Person
Beorhtwald 5,Beorhtwald 5,Person
Beorhtwald 6,Beorhtwald 6,Person
Beorhtwald 7,Beorhtwald 7,Person
Beorhtwald 8,Beorhtwald 8,Person
Beorhtwald 9,Beorhtwald 9,Person
Beorhtwulf 1,Beorhtwulf 1,Person
Beorhtwulf 10,Beorhtwulf 10,Person
Beorhtwulf 2,Beorhtwulf 2,Person
Beorhtwulf 3,Beorhtwulf 3,Person
Beorhtwulf 4,Beorhtwulf 4,Person
Beorhtwulf 5,Beorhtwulf 5,Person
Beorhtwulf 6,Beorhtwulf 6,Person
Beorhtwulf 8,Beorhtwulf 8,Person
Beorn 1,Beorn 1,Person
Beornfrith 1,Beornfrith 1,Person
Beornfrith 2,Beornfrith 2,Person
Beornfrith 3,Beornfrith 3,Person
Beornfrith 4,Beornfrith 4,Person
Beornfrith 5,Beornfrith 5,Person
Beornfrith 6,Beornfrith 6,Person
Beornfrith 7,Beornfrith 7,Person
Beornfrith 8,Beornfrith 8,Person
Beorngyth 1,Beorngyth 1,Person
Beornhæth 3,Beornhæth 3,Person
Beornheah 1,Beornheah 1,Person
Beornheah 2,Beornheah 2,Person
Beornheah 3,Beornheah 3,Person
Beornheah 4,Beornheah 4,Person
Beornheard 1,Beornheard 1,Person
Beornheard 10,Beornheard 10,Person
Beornheard 11,Beornheard 11,Person
Beornheard 12,Beornheard 12,Person
Beornheard 13,Beornheard 13,Person
Beornheard 2,Beornheard 2,Person
Beornheard 4,Beornheard 4,Person
Beornheard 6,Beornheard 6,Person
Beornheard 7,Beornheard 7,Person
Beornheard 8,Beornheard 8,Person
Beornheard 9,Beornheard 9,Person
Beornhelm 1,Beornhelm 1,Person
Beornhelm 2,Beornhelm 2,Person
Beornhelm 3,Beornhelm 3,Person
Beornhelm 4,Beornhelm 4,Person
Beornhelm 5,Beornhelm 5,Person
Beornhelm 6,Beornhelm 6,Person
Beornhelm 7,Beornhelm 7,Person
Beornhelm 8,Beornhelm 8,Person
Beornhelm 9,Beornhelm 9,Person
Beornlaf 1,Beornlaf 1,Person
Beornmod 1,Beornmod 1,Person
Beornmod 2,Beornmod 2,Person
Beornmod 3,Beornmod 3,Person
Beornmod 4,Beornmod 4,Person
Beornmod 5,Beornmod 5,Person
Beornmund 1,Beornmund 1,Person
Beornnoth 1,Beornnoth 1,Person
Beornnoth 10,Beornnoth 10,Person
Beornnoth 2,Beornnoth 2,Person
Beornnoth 3,Beornnoth 3,Person
Beornnoth 4,Beornnoth 4,Person
Beornnoth 5,Beornnoth 5,Person
Beornnoth 6,Beornnoth 6,Person
Beornnoth 7,Beornnoth 7,Person
Beornnoth 8,Beornnoth 8,Person
Beornnoth 9,Beornnoth 9,Person
Beornred 2,Beornred 2,Person
Beornred 3,Beornred 3,Person
Beornred 4,Beornred 4,Person
Beornstan 1,Beornstan 1,Person
Beornstan 3,Beornstan 3,Person
Beornthryth 1,Beornthryth 1,Person
Beornwald 1,Beornwald 1,Person
Beornwald 2,Beornwald 2,Person
Beornwald 3,Beornwald 3,Person
Beornwald 4,Beornwald 4,Person
Beornwald 5,Beornwald 5,Person
Beornwine 3,Beornwine 3,Person
Beornwulf 1,Beornwulf 1,Person
Beornwulf 10,Beornwulf 10,Person
Beornwulf 11,Beornwulf 11,Person
Beornwulf 2,Beornwulf 2,Person
Beornwulf 3,Beornwulf 3,Person
Beornwulf 4,Beornwulf 4,Person
Beornwulf 5,Beornwulf 5,Person
Beornwulf 6,Beornwulf 6,Person
Beornwulf 8,Beornwulf 8,Person
Beornwulf 9,Beornwulf 9,Person
Beornwynn 1,Beornwynn 1,Person
Beorra 1,Beorra 1,Person
Bercol 1,Bercol 1,Person
Berkeley 1,Berkeley 1,Person
Berred 1,Berred 1,Person
Bertana 1,Bertana 1,Person
Biampa 1,Biampa 1,Person
Bica 1,Bica 1,Person
Bica 2,Bica 2,Person
Bicca 1,Bicca 1,Person
Billheard 1,Billheard 1,Person
Billnoth 1,Billnoth 1,Person
Birgwine 1,Birgwine 1,Person
Bisi 1,Bisi 1,Person
Boba 1,Boba 1,Person
Boba 2,Boba 2,Person
Boba 3,Boba 3,Person
Bobba 1,Bobba 1,Person
Bobba 2,Bobba 2,Person
Bobba 3,Bobba 3,Person
Bofa 2,Bofa 2,Person
Bofa 3,Bofa 3,Person
Bola 1,Bola 1,Person
Bosa 1,Bosa 1,Person
Bosa 3,Bosa 3,Person
Bosel 1,Bosel 1,Person
Bosel 2,Bosel 2,Person
Botred 1,Botred 1,Person
Botta 1,Botta 1,Person
Botwine 1,Botwine 1,Person
Brada 1,Brada 1,Person
Brada 2,Brada 2,Person
Brada 3,Brada 3,Person
Bregowine 1,Bregowine 1,Person
Bregwald 1,Bregwald 1,Person
Brithwin 1,Brithwin 1,Person
Broga 1,Broga 1,Person
Bromyard 1,Bromyard 1,Person
Brorda 1,Brorda 1,Person
Brorda 2,Brorda 2,Person
Brorda 3,Brorda 3,Person
Brunheard 1,Brunheard 1,Person
Brunheard 2,Brunheard 2,Person
Bruno 1,Bruno 1,Person
Bruta 1,Bruta 1,Person
Bryne 1,Bryne 1,Person
Bryni 1,Bryni 1,Person
Brynwald 1,Brynwald 1,Person
Bubba 2,Bubba 2,Person
Buca 1,Buca 1,Person
Bucca 1,Bucca 1,Person
Bucga 1,Bucga 1,Person
Bucga 2,Bucga 2,Person
Buda 1,Buda 1,Person
Budda 1,Budda 1,Person
Buga 2,Buga 2,Person
Buga 3,Buga 3,Person
Bultfrith 1,Bultfrith 1,Person
Buna 1,Buna 1,Person
Buna 2,Buna 2,Person
Burchard 2,Burchard 2,Person
Burgheard 1,Burgheard 1,Person
Burgheard 2,Burgheard 2,Person
Burgheard 3,Burgheard 3,Person
Burgheard 4,Burgheard 4,Person
Burgheard 5,Burgheard 5,Person
Burghelm 3,Burghelm 3,Person
Burghild 1,Burghild 1,Person
Burgnoth 1,Burgnoth 1,Person
Burgnoth 2,Burgnoth 2,Person
Burgred 1,Burgred 1,Person
Burgred 3,Burgred 3,Person
Burgred 4,Burgred 4,Person
Burgred 5,Burgred 5,Person
Burgred 6,Burgred 6,Person
Burgred 7,Burgred 7,Person
Burgric 1,Burgric 1,Person
Burgrig 1,Burgrig 1,Person
Burlaf 1,Burlaf 1,Person
Bynna 1,Bynna 1,Person
Bynna 2,Bynna 2,Person
Bynna 3,Bynna 3,Person
Bynnan 1,Bynnan 1,Person
Byrnhere 1,Byrnhere 1,Person
Cada 1,Cada 1,Person
Cædwalla 1,Cædwalla 1,Person
Catwal 1,Catwal 1,Person
Ceadda 1,Ceadda 1,Person
Cecce 1,Cecce 1,Person
Cedd 1,Cedd 1,Person
Cedde 1,Cedde 1,Person
Cen 1,Cen 1,Person
Cenberht 2,Cenberht 2,Person
Cenberht 3,Cenberht 3,Person
Cenberht 4,Cenberht 4,Person
Cenfrith 2,Cenfrith 2,Person
Cenfrith 3,Cenfrith 3,Person
Cenfrith 4,Cenfrith 4,Person
Cenfrith 5,Cenfrith 5,Person
Cengisl 1,Cengisl 1,Person
Cenheard 1,Cenheard 1,Person
Cenheard 2,Cenheard 2,Person
Cenheard 3,Cenheard 3,Person
Cenhere 1,Cenhere 1,Person
Cenred 1,Cenred 1,Person
Cenred 2,Cenred 2,Person
Centwine 1,Centwine 1,Person
Cenwald 2,Cenwald 2,Person
Cenwald 3,Cenwald 3,Person
Cenwealh 2,Cenwealh 2,Person
Cenwealh 3,Cenwealh 3,Person
Cenwulf 1,Cenwulf 1,Person
Cenwulf 2,Cenwulf 2,Person
Cenwulf 3,Cenwulf 3,Person
Ceoba 1,Ceoba 1,Person
Ceobba 1,Ceobba 1,Person
Ceobba 2,Ceobba 2,Person
Ceofa 1,Ceofa 1,Person
Ceofa 2,Ceofa 2,Person
Ceol 2,Ceol 2,Person
Ceolbald 1,Ceolbald 1,Person
Ceolbald 2,Ceolbald 2,Person
Ceolberht 10,Ceolberht 10,Person
Ceolberht 2,Ceolberht 2,Person
Ceolberht 3,Ceolberht 3,Person
Ceolberht 6,Ceolberht 6,Person
Ceolberht 7,Ceolberht 7,Person
Ceolberht 8,Ceolberht 8,Person
Ceolberht 9,Ceolberht 9,Person
Ceolburg 1,Ceolburg 1,Person
Ceolfrith 2,Ceolfrith 2,Person
Ceolheah 1,Ceolheah 1,Person
Ceolheard 1,Ceolheard 1,Person
Ceolheard 2,Ceolheard 2,Person
Ceolheard 3,Ceolheard 3,Person
Ceolheard 4,Ceolheard 4,Person
Ceolhelm 1,Ceolhelm 1,Person
Ceolhelm 2,Ceolhelm 2,Person
Ceolhere 1,Ceolhere 1,Person
Ceolmund 1,Ceolmund 1,Person
Ceolmund 10,Ceolmund 10,Person
Ceolmund 12,Ceolmund 12,Person
Ceolmund 2,Ceolmund 2,Person
Ceolmund 3,Ceolmund 3,Person
Ceolmund 4,Ceolmund 4,Person
Ceolmund 5,Ceolmund 5,Person
Ceolmund 6,Ceolmund 6,Person
Ceolmund 7,Ceolmund 7,Person
Ceolmund 8,Ceolmund 8,Person
Ceolnoth 1,Ceolnoth 1,Person
Ceolnoth 2,Ceolnoth 2,Person
Ceolnoth 3,Ceolnoth 3,Person
Ceolred 1,Ceolred 1,Person
Ceolred 2,Ceolred 2,Person
Ceolred 3,Ceolred 3,Person
Ceolred 4,Ceolred 4,Person
Ceolred 5,Ceolred 5,Person
Ceolred 6,Ceolred 6,Person
Ceolstan 1,Ceolstan 1,Person
Ceolstan 2,Ceolstan 2,Person
Ceolswith 1,Ceolswith 1,Person
Ceoluht 1,Ceoluht 1,Person
Ceolweard 1,Ceolweard 1,Person
Ceolweard 2,Ceolweard 2,Person
Ceolweorth 1,Ceolweorth 1,Person
Ceolwulf 10,Ceolwulf 10,Person
Ceolwulf 11,Ceolwulf 11,Person
Ceolwulf 12,Ceolwulf 12,Person
Ceolwulf 4,Ceolwulf 4,Person
Ceolwulf 5,Ceolwulf 5,Person
Ceolwulf 6,Ceolwulf 6,Person
Ceolwulf 7,Ceolwulf 7,Person
Ceolwulf 8,Ceolwulf 8,Person
Ceolwulf 9,Ceolwulf 9,Person
Ceorl 2,Ceorl 2,Person
Ceorra 1,Ceorra 1,Person
Cerdic 4,Cerdic 4,Person
Cered 1,Cered 1,Person
Chad 1,Chad 1,Person
Ciaba 1,Ciaba 1,Person
Cich 1,Cich 1,Person
Cille 1,Cille 1,Person
Cille 2,Cille 2,Person
Cinmann 1,Cinmann 1,Person
Cissa 1,Cissa 1,Person
Coæne 1,Coæne 1,Person
Coena 1,Coena 1,Person
Combra 1,Combra 1,Person
Constantine 1,Constantine 1,Person
Cotta 1,Cotta 1,Person
Cotta 2,Cotta 2,Person
Creda 1,Creda 1,Person
Criswa 1,Criswa 1,Person
Cuba 1,Cuba 1,Person
Cudamann 1,Cudamann 1,Person
Cudd 1,Cudd 1,Person
Cufa 1,Cufa 1,Person
Cuffa 1,Cuffa 1,Person
Culfre 1,Culfre 1,Person
Cumma 2,Cumma 2,Person
Cumma 3,Cumma 3,Person
Cuna 1,Cuna 1,Person
Cunberht 1,Cunberht 1,Person
Cunda 1,Cunda 1,Person
Cuneberht 2,Cuneberht 2,Person
Cuneheah 1,Cuneheah 1,Person
Cunlaf 1,Cunlaf 1,Person
Cusa 1,Cusa 1,Person
Cusa 2,Cusa 2,Person
Cussa 1,Cussa 1,Person
Cuthbald 1,Cuthbald 1,Person
Cuthbald 3,Cuthbald 3,Person
Cuthbald 4,Cuthbald 4,Person
Cuthbald 5,Cuthbald 5,Person
Cuthbald 6,Cuthbald 6,Person
Cuthbert 1,Cuthbert 1,Person
Cuthbert 11,Cuthbert 11,Person
Cuthbert 14,Cuthbert 14,Person
Cuthbert 15,Cuthbert 15,Person
Cuthbert 16,Cuthbert 16,Person
Cuthbert 2,Cuthbert 2,Person
Cuthbert 3,Cuthbert 3,Person
Cuthbert 6,Cuthbert 6,Person
Cuthbert 7,Cuthbert 7,Person
Cuthbert 8,Cuthbert 8,Person
Cuthfrith 1,Cuthfrith 1,Person
Cuthfrith 2,Cuthfrith 2,Person
Cuthheard 1,Cuthheard 1,Person
Cuthmund 1,Cuthmund 1,Person
Cuthred 10,Cuthred 10,Person
Cuthred 11,Cuthred 11,Person
Cuthred 12,Cuthred 12,Person
Cuthred 13,Cuthred 13,Person
Cuthred 14,Cuthred 14,Person
Cuthred 15,Cuthred 15,Person
Cuthred 16,Cuthred 16,Person
Cuthred 17,Cuthred 17,Person
Cuthred 18,Cuthred 18,Person
Cuthred 4,Cuthred 4,Person
Cuthred 5,Cuthred 5,Person
Cuthred 7,Cuthred 7,Person
Cuthred 8,Cuthred 8,Person
Cuthred 9,Cuthred 9,Person
Cuthric 1,Cuthric 1,Person
Cuthswith 1,Cuthswith 1,Person
Cuthswith 3,Cuthswith 3,Person
Cuthwine 9,Cuthwine 9,Person
Cuthwulf 2,Cuthwulf 2,Person
Cuthwulf 3,Cuthwulf 3,Person
Cuthwulf 4,Cuthwulf 4,Person
Cuthwulf 5,Cuthwulf 5,Person
Cuthwulf 6,Cuthwulf 6,Person
Cuthwulf 7,Cuthwulf 7,Person
Cuthwulf 8,Cuthwulf 8,Person
Cuthwulf 9,Cuthwulf 9,Person
Cwenburg 5,Cwenburg 5,Person
Cwengyth 1,Cwengyth 1,Person
Cwenthryth 1,Cwenthryth 1,Person
Cydda 1,Cydda 1,Person
Cyga 1,Cyga 1,Person
Cylan 1,Cylan 1,Person
Cyma 1,Cyma 1,Person
Cyma 2,Cyma 2,Person
Cymmi 1,Cymmi 1,Person
Cynath 2,Cynath 2,Person
Cynath 3,Cynath 3,Person
Cyne 1,Cyne 1,Person
Cyne 2,Cyne 2,Person
Cynebald 2,Cynebald 2,Person
Cynebald 3,Cynebald 3,Person
Cyneberht 10,Cyneberht 10,Person
Cyneberht 11,Cyneberht 11,Person
Cyneberht 12,Cyneberht 12,Person
Cyneberht 3,Cyneberht 3,Person
Cyneberht 4,Cyneberht 4,Person
Cyneberht 6,Cyneberht 6,Person
Cyneberht 7,Cyneberht 7,Person
Cyneberht 8,Cyneberht 8,Person
Cyneberht 9,Cyneberht 9,Person
Cyneburg 1,Cyneburg 1,Person
Cyneburg 2,Cyneburg 2,Person
Cyneburg 3,Cyneburg 3,Person
Cynefrith 4,Cynefrith 4,Person
Cynegils 1,Cynegils 1,Person
Cynegils 2,Cynegils 2,Person
Cynegils 3,Cynegils 3,Person
Cynegyth 1,Cynegyth 1,Person
Cynegyth 2,Cynegyth 2,Person
Cyneheah 2,Cyneheah 2,Person
Cyneheah 3,Cyneheah 3,Person
Cyneheard 1,Cyneheard 1,Person
Cyneheard 2,Cyneheard 2,Person
Cyneheard 4,Cyneheard 4,Person
Cyneheard 6,Cyneheard 6,Person
Cynehelm 1,Cynehelm 1,Person
Cynehelm 2,Cynehelm 2,Person
Cynehelm 4,Cynehelm 4,Person
Cynehelm 5,Cynehelm 5,Person
Cynehelm 6,Cynehelm 6,Person
Cynehelm 7,Cynehelm 7,Person
Cynehelm 8,Cynehelm 8,Person
Cynehere 1,Cynehere 1,Person
Cynelaf 1,Cynelaf 1,Person
Cynelaf 3,Cynelaf 3,Person
Cynemund 4,Cynemund 4,Person
Cynemund 5,Cynemund 5,Person
Cynemund 6,Cynemund 6,Person
Cynemund 7,Cynemund 7,Person
Cyneric 1,Cyneric 1,Person
Cynestan 1,Cynestan 1,Person
Cyneswith 1,Cyneswith 1,Person
Cyneswith 2,Cyneswith 2,Person
Cyneswith 3,Cyneswith 3,Person
Cynethryth 2,Cynethryth 2,Person
Cynethryth 3,Cynethryth 3,Person
Cynethryth 4,Cynethryth 4,Person
Cynethryth 5,Cynethryth 5,Person
Cynewald 3,Cynewald 3,Person
Cynewulf 10,Cynewulf 10,Person
Cynewulf 11,Cynewulf 11,Person
Cynewulf 2,Cynewulf 2,Person
Cynewulf 4,Cynewulf 4,Person
Cynewulf 6,Cynewulf 6,Person
Cynewulf 8,Cynewulf 8,Person
Cynewulf 9,Cynewulf 9,Person
Cyniad 1,Cyniad 1,Person
Cynred 1,Cynred 1,Person
Cynred 2,Cynred 2,Person
Cynric 2,Cynric 2,Person
Cynric 3,Cynric 3,Person
Cyred 1,Cyred 1,Person
Cyred 2,Cyred 2,Person
Dægberht 1,Dægberht 1,Person
Dægheah 1,Dægheah 1,Person
Dægheah 2,Dægheah 2,Person
Dæghelm 1,Dæghelm 1,Person
Dægmund 1,Dægmund 1,Person
Dægmund 2,Dægmund 2,Person
Daene 1,Daene 1,Person
Daniel 1,Daniel 1,Person
Deerhurst 1,Deerhurst 1,Person
Deimund 1,Deimund 1,Person
Deneberht 1,Deneberht 1,Person
Deneberht 2,Deneberht 2,Person
Deneberht 3,Deneberht 3,Person
Denefrith 1,Denefrith 1,Person
Denegils 1,Denegils 1,Person
Denemod 1,Denemod 1,Person
Denewulf 1,Denewulf 1,Person
Deodatus 3,Deodatus 3,Person
Deora 1,Deora 1,Person
Deora 2,Deora 2,Person
Deora 3,Deora 3,Person
Deorberht 1,Deorberht 1,Person
Deoring 1,Deoring 1,Person
Deorlaf 1,Deorlaf 1,Person
Deormod 1,Deormod 1,Person
Deormod 2,Deormod 2,Person
Deormod 6,Deormod 6,Person
Deormund 1,Deormund 1,Person
Deornoth 2,Deornoth 2,Person
Deornoth 3,Deornoth 3,Person
Deorwald 1,Deorwald 1,Person
Deorwald 2,Deorwald 2,Person
Deorwulf 1,Deorwulf 1,Person
Deorwulf 2,Deorwulf 2,Person
Deorwulf 3,Deorwulf 3,Person
Deusdedit 1,Deusdedit 1,Person
Dilra 1,Dilra 1,Person
Dimheaha 1,Dimheaha 1,Person
Diosza 1,Diosza 1,Person
Dodda 2,Dodda 2,Person
Dorulf 1,Dorulf 1,Person
Dover 1,Dover 1,Person
Dryhtnoth 1,Dryhtnoth 1,Person
Dryhtnoth 2,Dryhtnoth 2,Person
Dryhtnoth 3,Dryhtnoth 3,Person
Dryhtwald 1,Dryhtwald 1,Person
Dryhtwald 2,Dryhtwald 2,Person
Duda 1,Duda 1,Person
Duda 2,Duda 2,Person
Duda 3,Duda 3,Person
Dudan 1,Dudan 1,Person
Dudd 2,Dudd 2,Person
Dudd 3,Dudd 3,Person
Dudda 1,Dudda 1,Person
Dudda 2,Dudda 2,Person
Dudda 3,Dudda 3,Person
Dudda 4,Dudda 4,Person
Dudda 5,Dudda 5,Person
Dudda 6,Dudda 6,Person
Dudda 7,Dudda 7,Person
Dudda 8,Dudda 8,Person
Dudda 9,Dudda 9,Person
Duddel 1,Duddel 1,Person
Dudec 1,Dudec 1,Person
Dudeman 1,Dudeman 1,Person
Dudemon 1,Dudemon 1,Person
Dudig 1,Dudig 1,Person
Duduc 1,Duduc 1,Person
Duduc 2,Duduc 2,Person
Duduc 3,Duduc 3,Person
Duduc 4,Duduc 4,Person
Duduc 5,Duduc 5,Person
Dunn 1,Dunn 1,Person
Dunn 4,Dunn 4,Person
Dunna 1,Dunna 1,Person
Dunne 1,Dunne 1,Person
Dunne 2,Dunne 2,Person
Dunning 1,Dunning 1,Person
Dunstan 1,Dunstan 1,Person
Dunwald 1,Dunwald 1,Person
Dunwalh 1,Dunwalh 1,Person
Dunwalh 2,Dunwalh 2,Person
Dunwalla 1,Dunwalla 1,Person
Dycga 1,Dycga 1,Person
Dyddel 1,Dyddel 1,Person
Dynne 2,Dynne 2,Person
Dynne 3,Dynne 3,Person
Dynne 4,Dynne 4,Person
Eacca 1,Eacca 1,Person
Eada 1,Eada 1,Person
Eadbald 10,Eadbald 10,Person
Eadbald 11,Eadbald 11,Person
Eadbald 12,Eadbald 12,Person
Eadbald 13,Eadbald 13,Person
Eadbald 14,Eadbald 14,Person
Eadbald 2,Eadbald 2,Person
Eadbald 3,Eadbald 3,Person
Eadbald 4,Eadbald 4,Person
Eadbald 5,Eadbald 5,Person
Eadbald 6,Eadbald 6,Person
Eadbald 9,Eadbald 9,Person
Eadberht 1,Eadberht 1,Person
Eadberht 13,Eadberht 13,Person
Eadberht 14,Eadberht 14,Person
Eadberht 15,Eadberht 15,Person
Eadberht 16,Eadberht 16,Person
Eadberht 19,Eadberht 19,Person
Eadberht 2,Eadberht 2,Person
Eadberht 20,Eadberht 20,Person
Eadberht 21,Eadberht 21,Person
Eadberht 22,Eadberht 22,Person
Eadberht 23,Eadberht 23,Person
Eadberht 24,Eadberht 24,Person
Eadberht 26,Eadberht 26,Person
Eadberht 27,Eadberht 27,Person
Eadberht 28,Eadberht 28,Person
Eadberht 29,Eadberht 29,Person
Eadberht 30,Eadberht 30,Person
Eadberht 31,Eadberht 31,Person
Eadberht 32,Eadberht 32,Person
Eadberht 33,Eadberht 33,Person
Eadberht 34,Eadberht 34,Person
Eadberht 35,Eadberht 35,Person
Eadberht 36,Eadberht 36,Person
Eadberht 37,Eadberht 37,Person
Eadberht 38,Eadberht 38,Person
Eadberht 39,Eadberht 39,Person
Eadberht 4,Eadberht 4,Person
Eadberht 40,Eadberht 40,Person
Eadberht 41,Eadberht 41,Person
Eadberht 42,Eadberht 42,Person
Eadberht 5,Eadberht 5,Person
Eadberht 6,Eadberht 6,Person
Eadberht 7,Eadberht 7,Person
Eadberht 9,Eadberht 9,Person
Eadburg 2,Eadburg 2,Person
Eadburg 4,Eadburg 4,Person
Eadburg 5,Eadburg 5,Person
Eadfrith 2,Eadfrith 2,Person
Eadfrith 4,Eadfrith 4,Person
Eadfrith 6,Eadfrith 6,Person
Eadfrith 7,Eadfrith 7,Person
Eadgils 2,Eadgils 2,Person
Eadhæd 1,Eadhæd 1,Person
Eadhelm 5,Eadhelm 5,Person
Eadhere 1,Eadhere 1,Person
Eadhun 1,Eadhun 1,Person
Eadnoth 2,Eadnoth 2,Person
Eadnoth 3,Eadnoth 3,Person
Eadred 11,Eadred 11,Person
Eadred 12,Eadred 12,Person
Eadred 2,Eadred 2,Person
Eadred 3,Eadred 3,Person
Eadred 4,Eadred 4,Person
Eadred 5,Eadred 5,Person
Eadred 6,Eadred 6,Person
Eadred 7,Eadred 7,Person
Eadred 8,Eadred 8,Person
Eadred 9,Eadred 9,Person
Eadric 5,Eadric 5,Person
Eadric 6,Eadric 6,Person
Eadric 7,Eadric 7,Person
Eadwald 10,Eadwald 10,Person
Eadwald 11,Eadwald 11,Person
Eadwald 12,Eadwald 12,Person
Eadwald 13,Eadwald 13,Person
Eadwald 3,Eadwald 3,Person
Eadwald 5,Eadwald 5,Person
Eadwald 6,Eadwald 6,Person
Eadwald 7,Eadwald 7,Person
Eadwald 8,Eadwald 8,Person
Eadwald 9,Eadwald 9,Person
Eadwulf 1,Eadwulf 1,Person
Eadwulf 10,Eadwulf 10,Person
Eadwulf 11,Eadwulf 11,Person
Eadwulf 12,Eadwulf 12,Person
Eadwulf 13,Eadwulf 13,Person
Eadwulf 14,Eadwulf 14,Person
Eadwulf 16,Eadwulf 16,Person
Eadwulf 17,Eadwulf 17,Person
Eadwulf 18,Eadwulf 18,Person
Eadwulf 19,Eadwulf 19,Person
Eadwulf 20,Eadwulf 20,Person
Eadwulf 21,Eadwulf 21,Person
Eadwulf 22,Eadwulf 22,Person
Eadwulf 24,Eadwulf 24,Person
Eadwulf 27,Eadwulf 27,Person
Eadwulf 3,Eadwulf 3,Person
Eadwulf 4,Eadwulf 4,Person
Eadwulf 5,Eadwulf 5,Person
Eadwulf 7,Eadwulf 7,Person
Eadwulf 8,Eadwulf 8,Person
Eadwulf 9,Eadwulf 9,Person
Eafing 1,Eafing 1,Person
Eaheard 1,Eaheard 1,Person
Ealda 1,Ealda 1,Person
Ealdberht 1,Ealdberht 1,Person
Ealdberht 10,Ealdberht 10,Person
Ealdberht 11,Ealdberht 11,Person
Ealdberht 12,Ealdberht 12,Person
Ealdberht 15,Ealdberht 15,Person
Ealdberht 16,Ealdberht 16,Person
Ealdberht 17,Ealdberht 17,Person
Ealdberht 18,Ealdberht 18,Person
Ealdberht 19,Ealdberht 19,Person
Ealdberht 2,Ealdberht 2,Person
Ealdberht 20,Ealdberht 20,Person
Ealdberht 21,Ealdberht 21,Person
Ealdberht 22,Ealdberht 22,Person
Ealdberht 4,Ealdberht 4,Person
Ealdberht 5,Ealdberht 5,Person
Ealdberht 6,Ealdberht 6,Person
Ealdberht 7,Ealdberht 7,Person
Ealdhelm 1,Ealdhelm 1,Person
Ealdhere 1,Ealdhere 1,Person
Ealdhere 2,Ealdhere 2,Person
Ealdhod 1,Ealdhod 1,Person
Ealdhun 1,Ealdhun 1,Person
Ealdhun 3,Ealdhun 3,Person
Ealdhun 4,Ealdhun 4,Person
Ealdhun 5,Ealdhun 5,Person
Ealdred 10,Ealdred 10,Person
Ealdred 11,Ealdred 11,Person
Ealdred 12,Ealdred 12,Person
Ealdred 14,Ealdred 14,Person
Ealdred 16,Ealdred 16,Person
Ealdred 17,Ealdred 17,Person
Ealdred 18,Ealdred 18,Person
Ealdred 19,Ealdred 19,Person
Ealdred 2,Ealdred 2,Person
Ealdred 20,Ealdred 20,Person
Ealdred 21,Ealdred 21,Person
Ealdred 22,Ealdred 22,Person
Ealdred 23,Ealdred 23,Person
Ealdred 24,Ealdred 24,Person
Ealdred 46,Ealdred 46,Person
Ealdred 5,Ealdred 5,Person
Ealdred 6,Ealdred 6,Person
Ealdred 7,Ealdred 7,Person
Ealdred 8,Ealdred 8,Person
Ealdred 9,Ealdred 9,Person
Ealdwine 2,Ealdwine 2,Person
Ealdwulf 10,Ealdwulf 10,Person
Ealdwulf 13,Ealdwulf 13,Person
Ealdwulf 15,Ealdwulf 15,Person
Ealdwulf 3,Ealdwulf 3,Person
Ealdwulf 4,Ealdwulf 4,Person
Ealdwulf 5,Ealdwulf 5,Person
Ealdwulf 6,Ealdwulf 6,Person
Ealdwulf 7,Ealdwulf 7,Person
Ealdwulf 8,Ealdwulf 8,Person
Ealfrith 1,Ealfrith 1,Person
Ealfthryth 1,Ealfthryth 1,Person
Ealhberht 1,Ealhberht 1,Person
Ealhburg 1,Ealhburg 1,Person
Ealhfrith 2,Ealhfrith 2,Person
Ealhfrith 4,Ealhfrith 4,Person
Ealhfrith 5,Ealhfrith 5,Person
Ealhfrith 6,Ealhfrith 6,Person
Ealhheard 1,Ealhheard 1,Person
Ealhheard 2,Ealhheard 2,Person
Ealhheard 3,Ealhheard 3,Person
Ealhheard 4,Ealhheard 4,Person
Ealhheard 5,Ealhheard 5,Person
Ealhheard 6,Ealhheard 6,Person
Ealhheard 7,Ealhheard 7,Person
Ealhheard 8,Ealhheard 8,Person
Ealhheard 9,Ealhheard 9,Person
Ealhhelm 2,Ealhhelm 2,Person
Ealhhelm 3,Ealhhelm 3,Person
Ealhhelm 4,Ealhhelm 4,Person
Ealhhelm 5,Ealhhelm 5,Person
Ealhhelm 6,Ealhhelm 6,Person
Ealhhelm 7,Ealhhelm 7,Person
Ealhhere 1,Ealhhere 1,Person
Ealhhere 10,Ealhhere 10,Person
Ealhhere 11,Ealhhere 11,Person
Ealhhere 12,Ealhhere 12,Person
Ealhhere 13,Ealhhere 13,Person
Ealhhere 14,Ealhhere 14,Person
Ealhhere 2,Ealhhere 2,Person
Ealhhere 3,Ealhhere 3,Person
Ealhhere 4,Ealhhere 4,Person
Ealhhere 5,Ealhhere 5,Person
Ealhhere 6,Ealhhere 6,Person
Ealhhere 7,Ealhhere 7,Person
Ealhhere 8,Ealhhere 8,Person
Ealhhere 9,Ealhhere 9,Person
Ealhhun 1,Ealhhun 1,Person
Ealhhun 2,Ealhhun 2,Person
Ealhhun 3,Ealhhun 3,Person
Ealhhun 4,Ealhhun 4,Person
Ealhmund 10,Ealhmund 10,Person
Ealhmund 11,Ealhmund 11,Person
Ealhmund 13,Ealhmund 13,Person
Ealhmund 14,Ealhmund 14,Person
Ealhmund 15,Ealhmund 15,Person
Ealhmund 16,Ealhmund 16,Person
Ealhmund 17,Ealhmund 17,Person
Ealhmund 18,Ealhmund 18,Person
Ealhmund 2,Ealhmund 2,Person
Ealhmund 20,Ealhmund 20,Person
Ealhmund 21,Ealhmund 21,Person
Ealhmund 22,Ealhmund 22,Person
Ealhmund 3,Ealhmund 3,Person
Ealhmund 4,Ealhmund 4,Person
Ealhmund 6,Ealhmund 6,Person
Ealhmund 7,Ealhmund 7,Person
Ealhmund 8,Ealhmund 8,Person
Ealhmund 9,Ealhmund 9,Person
Ealhred 1,Ealhred 1,Person
Ealhric 1,Ealhric 1,Person
Ealhstan 1,Ealhstan 1,Person
Ealhstan 10,Ealhstan 10,Person
Ealhstan 11,Ealhstan 11,Person
Ealhstan 12,Ealhstan 12,Person
Ealhstan 15,Ealhstan 15,Person
Ealhstan 16,Ealhstan 16,Person
Ealhstan 17,Ealhstan 17,Person
Ealhstan 2,Ealhstan 2,Person
Ealhstan 3,Ealhstan 3,Person
Ealhstan 4,Ealhstan 4,Person
Ealhstan 5,Ealhstan 5,Person
Ealhstan 6,Ealhstan 6,Person
Ealhstan 7,Ealhstan 7,Person
Ealhstan 8,Ealhstan 8,Person
Ealhstan 9,Ealhstan 9,Person
Ealhthryth 1,Ealhthryth 1,Person
Ealhwaru 1,Ealhwaru 1,Person
Ealhweard 1,Ealhweard 1,Person
Ealhweard 2,Ealhweard 2,Person
Ealhwynn 1,Ealhwynn 1,Person
Eana 1,Eana 1,Person
Eanberht 1,Eanberht 1,Person
Eanberht 11,Eanberht 11,Person
Eanberht 3,Eanberht 3,Person
Eanberht 4,Eanberht 4,Person
Eanberht 5,Eanberht 5,Person
Eanberht 7,Eanberht 7,Person
Eanberht 9,Eanberht 9,Person
Eanburg 1,Eanburg 1,Person
Eanfric 1,Eanfric 1,Person
Eanfrith 4,Eanfrith 4,Person
Eanfrith 5,Eanfrith 5,Person
Eangeard 1,Eangeard 1,Person
Eangisl 1,Eangisl 1,Person
Eaniard 1,Eaniard 1,Person
Eanmund 2,Eanmund 2,Person
Eanmund 3,Eanmund 3,Person
Eanmund 4,Eanmund 4,Person
Eanmund 5,Eanmund 5,Person
Eanmund 6,Eanmund 6,Person
Eanmund 7,Eanmund 7,Person
Eanmund 8,Eanmund 8,Person
Eanred 2,Eanred 2,Person
Eanred 3,Eanred 3,Person
Eanred 4,Eanred 4,Person
Eanred 5,Eanred 5,Person
Eanred 6,Eanred 6,Person
Eanswith 1,Eanswith 1,Person
Eanswith 2,Eanswith 2,Person
Eanwald 1,Eanwald 1,Person
Eanwulf 1,Eanwulf 1,Person
Eanwulf 11,Eanwulf 11,Person
Eanwulf 12,Eanwulf 12,Person
Eanwulf 13,Eanwulf 13,Person
Eanwulf 15,Eanwulf 15,Person
Eanwulf 4,Eanwulf 4,Person
Eanwulf 5,Eanwulf 5,Person
Eanwulf 7,Eanwulf 7,Person
Eanwulf 8,Eanwulf 8,Person
Eanwulf 9,Eanwulf 9,Person
Eardwulf 10,Eardwulf 10,Person
Eardwulf 11,Eardwulf 11,Person
Eardwulf 12,Eardwulf 12,Person
Eardwulf 15,Eardwulf 15,Person
Eardwulf 2,Eardwulf 2,Person
Eardwulf 3,Eardwulf 3,Person
Eardwulf 5,Eardwulf 5,Person
Eardwulf 6,Eardwulf 6,Person
Eardwulf 7,Eardwulf 7,Person
Eardwulf 8,Eardwulf 8,Person
Eardwulf 9,Eardwulf 9,Person
Eared 1,Eared 1,Person
Eastmund 1,Eastmund 1,Person
Eastmund 2,Eastmund 2,Person
Eastmund 3,Eastmund 3,Person
Eata 2,Eata 2,Person
Eata 5,Eata 5,Person
Eatfrith 1,Eatfrith 1,Person
Eatfrith 2,Eatfrith 2,Person
Ebba 1,Ebba 1,Person
Ebba 2,Ebba 2,Person
Ebbella 1,Ebbella 1,Person
Ecca 1,Ecca 1,Person
Ecca 2,Ecca 2,Person
Ecca 3,Ecca 3,Person
Ecgbald 1,Ecgbald 1,Person
Ecgbald 2,Ecgbald 2,Person
Ecgbald 3,Ecgbald 3,Person
Ecgberht 1,Ecgberht 1,Person
Ecgberht 10,Ecgberht 10,Person
Ecgberht 11,Ecgberht 11,Person
Ecgberht 12,Ecgberht 12,Person
Ecgberht 13,Ecgberht 13,Person
Ecgberht 15,Ecgberht 15,Person
Ecgberht 16,Ecgberht 16,Person
Ecgberht 17,Ecgberht 17,Person
Ecgberht 18,Ecgberht 18,Person
Ecgberht 19,Ecgberht 19,Person
Ecgberht 20,Ecgberht 20,Person
Ecgberht 27,Ecgberht 27,Person
Ecgberht 3,Ecgberht 3,Person
Ecgberht 4,Ecgberht 4,Person
Ecgberht 8,Ecgberht 8,Person
Ecgberht 9,Ecgberht 9,Person
Ecgburg 3,Ecgburg 3,Person
Ecgburg 4,Ecgburg 4,Person
Ecgera 1,Ecgera 1,Person
Ecgesas 1,Ecgesas 1,Person
Ecgesnoth 1,Ecgesnoth 1,Person
Ecgfrith 1,Ecgfrith 1,Person
Ecgfrith 10,Ecgfrith 10,Person
Ecgfrith 11,Ecgfrith 11,Person
Ecgfrith 12,Ecgfrith 12,Person
Ecgfrith 2,Ecgfrith 2,Person
Ecgfrith 3,Ecgfrith 3,Person
Ecgfrith 4,Ecgfrith 4,Person
Ecgfrith 5,Ecgfrith 5,Person
Ecgfrith 6,Ecgfrith 6,Person
Ecgfrith 7,Ecgfrith 7,Person
Ecgfrith 8,Ecgfrith 8,Person
Ecgfrith 9,Ecgfrith 9,Person
Ecgga 1,Ecgga 1,Person
Ecgheard 2,Ecgheard 2,Person
Ecgheard 3,Ecgheard 3,Person
Ecgheard 4,Ecgheard 4,Person
Ecgheard 5,Ecgheard 5,Person
Ecghun 1,Ecghun 1,Person
Ecghun 2,Ecghun 2,Person
Ecgisa 1,Ecgisa 1,Person
Ecgisberht 1,Ecgisberht 1,Person
Ecglaf 1,Ecglaf 1,Person
Ecglaf 3,Ecglaf 3,Person
Ecglaf 4,Ecglaf 4,Person
Ecgmund 1,Ecgmund 1,Person
Ecgmund 2,Ecgmund 2,Person
Ecgstan 1,Ecgstan 1,Person
Ecgwald 2,Ecgwald 2,Person
Ecgwald 3,Ecgwald 3,Person
Ecgwald 4,Ecgwald 4,Person
Ecgwald 5,Ecgwald 5,Person
Ecgwald 6,Ecgwald 6,Person
Ecgwine 1,Ecgwine 1,Person
Ecgwulf 1,Ecgwulf 1,Person
Ecgwulf 2,Ecgwulf 2,Person
Ecgwulf 3,Ecgwulf 3,Person
Ecgwulf 4,Ecgwulf 4,Person
Ecgwulf 6,Ecgwulf 6,Person
Edgar 1,Edgar 1,Person
Edgar 11,Edgar 11,Person
Edgar 12,Edgar 12,Person
Edgar 2,Edgar 2,Person
Edgar 3,Edgar 3,Person
Edgar 4,Edgar 4,Person
Edgar 5,Edgar 5,Person
Edgar 6,Edgar 6,Person
Edgar 7,Edgar 7,Person
Edgar 8,Edgar 8,Person
Edgar 9,Edgar 9,Person
Edmund 1,Edmund 1,Person
Edmund 10,Edmund 10,Person
Edmund 16,Edmund 16,Person
Edmund 2,Edmund 2,Person
Edmund 3,Edmund 3,Person
Edmund 4,Edmund 4,Person
Edmund 5,Edmund 5,Person
Edmund 7,Edmund 7,Person
Edmund 8,Edmund 8,Person
Edmund 9,Edmund 9,Person
Edward 2,Edward 2,Person
Edwin 18,Edwin 18,Person
Edwin 3,Edwin 3,Person
Eilmund 1,Eilmund 1,Person
Elric 1,Elric 1,Person
Emma 1,Emma 1,Person
Eobe 1,Eobe 1,Person
Eobing 1,Eobing 1,Person
Eof 1,Eof 1,Person
Eolla 1,Eolla 1,Person
Eoppa 3,Eoppa 3,Person
Eoppa 4,Eoppa 4,Person
Eoppa 5,Eoppa 5,Person
Eoppa 6,Eoppa 6,Person
Eorcenberht 1,Eorcenberht 1,Person
Eorcenwald 1,Eorcenwald 1,Person
Eored 1,Eored 1,Person
Eormenburg 1,Eormenburg 1,Person
Eormenhild 1,Eormenhild 1,Person
Eormenred 2,Eormenred 2,Person
Eormenred 3,Eormenred 3,Person
Erneberht 1,Erneberht 1,Person
Erra 1,Erra 1,Person
Ese 1,Ese 1,Person
Esne 1,Esne 1,Person
Esne 10,Esne 10,Person
Esne 11,Esne 11,Person
Esne 12,Esne 12,Person
Esne 2,Esne 2,Person
Esne 3,Esne 3,Person
Esne 5,Esne 5,Person
Esne 6,Esne 6,Person
Esne 7,Esne 7,Person
Esne 8,Esne 8,Person
Esne 9,Esne 9,Person
Etenca 1,Etenca 1,Person
Eueferth 1,Eueferth 1,Person
Eugenius 1,Eugenius 1,Person
Eylmer 1,Eylmer 1,Person
Fadol 1,Fadol 1,Person
Feologeld 2,Feologeld 2,Person
Fladbury 1,Fladbury 1,Person
Folcberht 1,Folcberht 1,Person
Folcberht 2,Folcberht 2,Person
Folcburg 1,Folcburg 1,Person
Folchere 1,Folchere 1,Person
Folcwine 1,Folcwine 1,Person
Folkestone 1,Folkestone 1,Person
Forhtred 1,Forhtred 1,Person
Forthhere 2,Forthhere 2,Person
Forthhere 3,Forthhere 3,Person
Forthhere 4,Forthhere 4,Person
Forthred 1,Forthred 1,Person
Forthred 3,Forthred 3,Person
Forthred 4,Forthred 4,Person
Forthred 5,Forthred 5,Person
Franca 1,Franca 1,Person
Freanwulf 1,Freanwulf 1,Person
Fredegisl 1,Fredegisl 1,Person
Freothhelm 1,Freothhelm 1,Person
Freothoberht 1,Freothoberht 1,Person
Freothogeard 1,Freothogeard 1,Person
Freothomund 1,Freothomund 1,Person
Freothomund 2,Freothomund 2,Person
Freothored 1,Freothored 1,Person
Freothoric 1,Freothoric 1,Person
Freothoric 3,Freothoric 3,Person
Freothorne 1,Freothorne 1,Person
Friodored 1,Friodored 1,Person
Frithestan 1,Frithestan 1,Person
Frithugyth 1,Frithugyth 1,Person
Frithuric 1,Frithuric 1,Person
Frithuric 2,Frithuric 2,Person
Frithuwald 3,Frithuwald 3,Person
Frithuwald 4,Frithuwald 4,Person
Frod 1,Frod 1,Person
Froda 1,Froda 1,Person
Fug 1,Fug 1,Person
Fulrad 1,Fulrad 1,Person
Fymme 1,Fymme 1,Person
Gaberht 1,Gaberht 1,Person
Gæbred 1,Gæbred 1,Person
Gænbald 1,Gænbald 1,Person
Gænburg 1,Gænburg 1,Person
Garulf 1,Garulf 1,Person
Garulf 2,Garulf 2,Person
Gebmund 1,Gebmund 1,Person
Geddi 1,Geddi 1,Person
Gefred 1,Gefred 1,Person
Germann 1,Germann 1,Person
Germann 2,Germann 2,Person
Gibbi 1,Gibbi 1,Person
Gidheard 1,Gidheard 1,Person
Gislheard 1,Gislheard 1,Person
Gislheard 2,Gislheard 2,Person
Gislhere 1,Gislhere 1,Person
Goda 1,Goda 1,Person
Goda 2,Goda 2,Person
Goda 3,Goda 3,Person
Goda 4,Goda 4,Person
Godfrith 1,Godfrith 1,Person
Gormund 1,Gormund 1,Person
Grafio 1,Grafio 1,Person
Gregory 1,Gregory 1,Person
Grimbald 1,Grimbald 1,Person
Guda 1,Guda 1,Person
Gudmund 1,Gudmund 1,Person
Gumberht 1,Gumberht 1,Person
Guthheard 1,Guthheard 1,Person
Guthheard 2,Guthheard 2,Person
Guthheard 3,Guthheard 3,Person
Guthheard 4,Guthheard 4,Person
Guthlac 1,Guthlac 1,Person
Guthlac 2,Guthlac 2,Person
Guthmund 1,Guthmund 1,Person
Guthmund 2,Guthmund 2,Person
Hadrian 2,Hadrian 2,Person
Hadrian 3,Hadrian 3,Person
Hadrian 4,Hadrian 4,Person
Hæcce 1,Hæcce 1,Person
Hæcga 1,Hæcga 1,Person
Hædde 1,Hædde 1,Person
Hædde 2,Hædde 2,Person
Hæfa 1,Hæfa 1,Person
Hæha 1,Hæha 1,Person
Hælric 1,Hælric 1,Person
Hælric 2,Hælric 2,Person
Hæmgils 1,Hæmgils 1,Person
Hæmgils 2,Hæmgils 2,Person
Hærdred 1,Hærdred 1,Person
Hagan 1,Hagan 1,Person
Hagena 1,Hagena 1,Person
Hagona 1,Hagona 1,Person
Halda 1,Halda 1,Person
Haldhere 1,Haldhere 1,Person
Hama 1,Hama 1,Person
Hamgisl 1,Hamgisl 1,Person
Harold 1,Harold 1,Person
Hathobald 1,Hathobald 1,Person
Hathoberht 1,Hathoberht 1,Person
Hathoberht 2,Hathoberht 2,Person
Hathored 3,Hathored 3,Person
Hathored 4,Hathored 4,Person
Hathowald 1,Hathowald 1,Person
Hathowald 2,Hathowald 2,Person
Headda 1,Headda 1,Person
Headda 10,Headda 10,Person
Headda 11,Headda 11,Person
Headda 12,Headda 12,Person
Headda 13,Headda 13,Person
Headda 14,Headda 14,Person
Headda 15,Headda 15,Person
Headda 16,Headda 16,Person
Headda 2,Headda 2,Person
Headda 3,Headda 3,Person
Headda 4,Headda 4,Person
Headda 5,Headda 5,Person
Headda 6,Headda 6,Person
Headda 7,Headda 7,Person
Headda 8,Headda 8,Person
Headda 9,Headda 9,Person
Heahberht 1,Heahberht 1,Person
Heahberht 10,Heahberht 10,Person
Heahberht 11,Heahberht 11,Person
Heahberht 13,Heahberht 13,Person
Heahberht 14,Heahberht 14,Person
Heahberht 2,Heahberht 2,Person
Heahberht 3,Heahberht 3,Person
Heahberht 4,Heahberht 4,Person
Heahberht 5,Heahberht 5,Person
Heahberht 7,Heahberht 7,Person
Heahberht 8,Heahberht 8,Person
Heahburg 2,Heahburg 2,Person
Heahfrith 10,Heahfrith 10,Person
Heahfrith 11,Heahfrith 11,Person
Heahfrith 12,Heahfrith 12,Person
Heahfrith 13,Heahfrith 13,Person
Heahfrith 14,Heahfrith 14,Person
Heahfrith 2,Heahfrith 2,Person
Heahfrith 3,Heahfrith 3,Person
Heahfrith 4,Heahfrith 4,Person
Heahfrith 5,Heahfrith 5,Person
Heahfrith 6,Heahfrith 6,Person
Heahfrith 7,Heahfrith 7,Person
Heahfrith 8,Heahfrith 8,Person
Heahfrith 9,Heahfrith 9,Person
Heahmund 1,Heahmund 1,Person
Heahmund 2,Heahmund 2,Person
Heahmund 3,Heahmund 3,Person
Heahmund 4,Heahmund 4,Person
Heahnoth 1,Heahnoth 1,Person
Heahnoth 2,Heahnoth 2,Person
Heahstan 2,Heahstan 2,Person
Heahstan 4,Heahstan 4,Person
Heahsteaf 1,Heahsteaf 1,Person
Heahsteaf 2,Heahsteaf 2,Person
Heahwulf 1,Heahwulf 1,Person
Heahwulf 2,Heahwulf 2,Person
Heara 1,Heara 1,Person
Heardberht 1,Heardberht 1,Person
Heardberht 2,Heardberht 2,Person
Heardberht 3,Heardberht 3,Person
Heardred 1,Heardred 1,Person
Heardred 3,Heardred 3,Person
Heared 1,Heared 1,Person
Hearnberht 1,Hearnberht 1,Person
Hega 1,Hega 1,Person
Helmgils 2,Helmgils 2,Person
Helmstan 1,Helmstan 1,Person
Helmulph 1,Helmulph 1,Person
Helmwald 2,Helmwald 2,Person
Helstan 1,Helstan 1,Person
Hemele 1,Hemele 1,Person
Hemele 2,Hemele 2,Person
Hemele 3,Hemele 3,Person
Henwulf 1,Henwulf 1,Person
Heorhtric 1,Heorhtric 1,Person
Heotemann 1,Heotemann 1,Person
Hereberht 2,Hereberht 2,Person
Hereberht 5,Hereberht 5,Person
Hereberht 6,Hereberht 6,Person
Hereca 1,Hereca 1,Person
Hereford 1,Hereford 1,Person
Herefred 1,Herefred 1,Person
Herefrith 4,Herefrith 4,Person
Herefrith 5,Herefrith 5,Person
Herefrith 6,Herefrith 6,Person
Herefrith 7,Herefrith 7,Person
Herefrith 8,Herefrith 8,Person
Herefrith 9,Herefrith 9,Person
Heregyth 1,Heregyth 1,Person
Heremod 2,Heremod 2,Person
Heremod 3,Heremod 3,Person
Heremod 4,Heremod 4,Person
Hereswith 2,Hereswith 2,Person
Herewald 1,Herewald 1,Person
Herewald 2,Herewald 2,Person
Herewald 3,Herewald 3,Person
Herewald 4,Herewald 4,Person
Herewine 1,Herewine 1,Person
Herewine 2,Herewine 2,Person
Herewulf 1,Herewulf 1,Person
Herred 2,Herred 2,Person
Herred 3,Herred 3,Person
Herrid 1,Herrid 1,Person
Herwud 1,Herwud 1,Person
Hetred 1,Hetred 1,Person
Hildefrith 1,Hildefrith 1,Person
Hinwald 1,Hinwald 1,Person
Hiotomann 1,Hiotomann 1,Person
Hlothhere 1,Hlothhere 1,Person
Hocca 1,Hocca 1,Person
Homolunch 1,Homolunch 1,Person
Hooc 1,Hooc 1,Person
Hoshere 1,Hoshere 1,Person
Hringwine 1,Hringwine 1,Person
Hrothwaru 1,Hrothwaru 1,Person
Huberht 1,Huberht 1,Person
Huda 1,Huda 1,Person
Huduc 1,Huduc 1,Person
Hugg 1,Hugg 1,Person
Humberht 1,Humberht 1,Person
Humberht 2,Humberht 2,Person
Humberht 4,Humberht 4,Person
Humberht 5,Humberht 5,Person
Humfrith 1,Humfrith 1,Person
Hun 1,Hun 1,Person
Hunfred 1,Hunfred 1,Person
Hunfrith 1,Hunfrith 1,Person
Hunfrith 10,Hunfrith 10,Person
Hunfrith 2,Hunfrith 2,Person
Hunfrith 3,Hunfrith 3,Person
Hunfrith 4,Hunfrith 4,Person
Hunfrith 5,Hunfrith 5,Person
Hunfrith 6,Hunfrith 6,Person
Hunfrith 8,Hunfrith 8,Person
Hunfrith 9,Hunfrith 9,Person
Huniger 1,Huniger 1,Person
Hunlaf 2,Hunlaf 2,Person
Hunlaf 3,Hunlaf 3,Person
Hunlaf 4,Hunlaf 4,Person
Hunred 1,Hunred 1,Person
Hunred 2,Hunred 2,Person
Hunred 3,Hunred 3,Person
Hunred 4,Hunred 4,Person
Hunsige 1,Hunsige 1,Person
Hunsige 2,Hunsige 2,Person
Hunstan 1,Hunstan 1,Person
Hunta 1,Hunta 1,Person
Hunwald 1,Hunwald 1,Person
Hunwald 2,Hunwald 2,Person
Husa 1,Husa 1,Person
Hwætred 2,Hwætred 2,Person
Hwetlac 1,Hwetlac 1,Person
Hwita 1,Hwita 1,Person
Hwita 2,Hwita 2,Person
Hwita 3,Hwita 3,Person
Hwita 4,Hwita 4,Person
Hwithyse 1,Hwithyse 1,Person
Hwithyse 2,Hwithyse 2,Person
Hwitred 1,Hwitred 1,Person
Hygeberht 1,Hygeberht 1,Person
Hygeberht 2,Hygeberht 2,Person
Hymma 1,Hymma 1,Person
Hyse 1,Hyse 1,Person
Hyse 2,Hyse 2,Person
Hyseberht 1,Hyseberht 1,Person
Hysenoth 1,Hysenoth 1,Person
Hyssan 1,Hyssan 1,Person
Iab 1,Iab 1,Person
Ibe 1,Ibe 1,Person
Iddi 1,Iddi 1,Person
Imma 1,Imma 1,Person
Ine 1,Ine 1,Person
Ingeld 3,Ingeld 3,Person
Ingwald 2,Ingwald 2,Person
Iof 1,Iof 1,Person
Iseard 1,Iseard 1,Person
Ithamar 1,Ithamar 1,Person
Ithda 1,Ithda 1,Person
Jænberht 1,Jænberht 1,Person
Jarumann 1,Jarumann 1,Person
John 16,John 16,Person
John 21,John 21,Person
John 22,John 22,Person
Judith 1,Judith 1,Person
Justus 1,Justus 1,Person
Justus 2,Justus 2,Person
Laurence 2,Laurence 2,Person
Leo 1,Leo 1,Person
Leofe 1,Leofe 1,Person
Leofheah 1,Leofheah 1,Person
Leofmon 1,Leofmon 1,Person
Leofric 5,Leofric 5,Person
Leppa 1,Leppa 1,Person
Leubucus 1,Leubucus 1,Person
Leuthhere 1,Leuthhere 1,Person
Leuthhere 2,Leuthhere 2,Person
Liaba 1,Liaba 1,Person
"London, St Paul's 1","London, St Paul's 1",Person
Louis 1,Louis 1,Person
Louis 4,Louis 4,Person
Lucæna 1,Lucæna 1,Person
Luda 1,Luda 1,Person
Ludeca 1,Ludeca 1,Person
Ludhere 1,Ludhere 1,Person
Lufu 1,Lufu 1,Person
Luhhede 1,Luhhede 1,Person
Lull 3,Lull 3,Person
Lull 4,Lull 4,Person
Lull 5,Lull 5,Person
Lulla 1,Lulla 1,Person
Lulla 10,Lulla 10,Person
Lulla 11,Lulla 11,Person
Lulla 2,Lulla 2,Person
Lulla 3,Lulla 3,Person
Lulla 4,Lulla 4,Person
Lulla 5,Lulla 5,Person
Lulla 6,Lulla 6,Person
Lulla 7,Lulla 7,Person
Lulla 8,Lulla 8,Person
Lulla 9,Lulla 9,Person
Lullede 1,Lullede 1,Person
Lulling 1,Lulling 1,Person
Lulling 2,Lulling 2,Person
Lulling 3,Lulling 3,Person
Lulling 4,Lulling 4,Person
Lulling 5,Lulling 5,Person
Lulling 6,Lulling 6,Person
Lulling 7,Lulling 7,Person
Lullric 1,Lullric 1,Person
Lulluc 1,Lulluc 1,Person
Lyminge 1,Lyminge 1,Person
Mærheard 1,Mærheard 1,Person
Maginarius 1,Maginarius 1,Person
Mannel 1,Mannel 1,Person
Marcus 1,Marcus 1,Person
Mathelheard 1,Mathelheard 1,Person
Mecga 1,Mecga 1,Person
Medeshamstede 1,Medeshamstede 1,Person
Mellitus 1,Mellitus 1,Person
Mildburg 1,Mildburg 1,Person
Mildrith 1,Mildrith 1,Person
Milred 1,Milred 1,Person
Milred 2,Milred 2,Person
Milred 3,Milred 3,Person
Misica 1,Misica 1,Person
Mocca 1,Mocca 1,Person
Mocca 2,Mocca 2,Person
Modulf 1,Modulf 1,Person
Monn 1,Monn 1,Person
Monn 2,Monn 2,Person
Monn 3,Monn 3,Person
Monn 4,Monn 4,Person
Monn 5,Monn 5,Person
Monna 1,Monna 1,Person
Monna 2,Monna 2,Person
Monnede 1,Monnede 1,Person
Monnel 1,Monnel 1,Person
Muca 1,Muca 1,Person
Muca 2,Muca 2,Person
Mucel 2,Mucel 2,Person
Mucel 3,Mucel 3,Person
Mucel 4,Mucel 4,Person
Mucel 5,Mucel 5,Person
Mucel 7,Mucel 7,Person
Muhtsar 1,Muhtsar 1,Person
Mul 1,Mul 1,Person
Nadelhar 1,Nadelhar 1,Person
Nerienda 1,Nerienda 1,Person
Niclas 1,Niclas 1,Person
Nithmund 1,Nithmund 1,Person
Nothbalth 1,Nothbalth 1,Person
Nothberht 1,Nothberht 1,Person
Nothgyth 1,Nothgyth 1,Person
Nothheard 1,Nothheard 1,Person
Nothheard 2,Nothheard 2,Person
Nothhelm 1,Nothhelm 1,Person
Nothhelm 2,Nothhelm 2,Person
Nothhelm 3,Nothhelm 3,Person
Nothhelm 4,Nothhelm 4,Person
Nothhere 1,Nothhere 1,Person
Nothmund 1,Nothmund 1,Person
Nothwulf 1,Nothwulf 1,Person
Nothwulf 2,Nothwulf 2,Person
Ocea 1,Ocea 1,Person
Oda 1,Oda 1,Person
Odda 1,Odda 1,Person
Odda 4,Odda 4,Person
Odo 1,Odo 1,Person
Ofa 1,Ofa 1,Person
Ofa 2,Ofa 2,Person
Ofa 3,Ofa 3,Person
Ofa 4,Ofa 4,Person
Ofa 5,Ofa 5,Person
Ofa 6,Ofa 6,Person
Ofa 7,Ofa 7,Person
Offa 3,Offa 3,Person
Offa 5,Offa 5,Person
Offa 7,Offa 7,Person
Oftfor 1,Oftfor 1,Person
Omoling 1,Omoling 1,Person
Oms 1,Oms 1,Person
Onoc 1,Onoc 1,Person
Ontwine 1,Ontwine 1,Person
Ordberht 1,Ordberht 1,Person
Ordberht 2,Ordberht 2,Person
Ordheah 2,Ordheah 2,Person
Ordlaf 1,Ordlaf 1,Person
Ordwulf 1,Ordwulf 1,Person
Ordwulf 2,Ordwulf 2,Person
Osa 1,Osa 1,Person
Osberht 1,Osberht 1,Person
Osberht 2,Osberht 2,Person
Osberht 5,Osberht 5,Person
Osberht 7,Osberht 7,Person
Osberht 8,Osberht 8,Person
Osberht 9,Osberht 9,Person
Osfrith 3,Osfrith 3,Person
Osfrith 4,Osfrith 4,Person
Osfrith 5,Osfrith 5,Person
Osfrith 7,Osfrith 7,Person
Osfrith 8,Osfrith 8,Person
Oshelm 1,Oshelm 1,Person
Oshere 1,Oshere 1,Person
Oshere 3,Oshere 3,Person
Oshere 5,Oshere 5,Person
Oslac 3,Oslac 3,Person
Oslac 4,Oslac 4,Person
Oslac 6,Oslac 6,Person
Oslaf 2,Oslaf 2,Person
Osmod 2,Osmod 2,Person
Osmod 3,Osmod 3,Person
Osmod 4,Osmod 4,Person
Osmund 10,Osmund 10,Person
Osmund 2,Osmund 2,Person
Osmund 3,Osmund 3,Person
Osmund 4,Osmund 4,Person
Osmund 5,Osmund 5,Person
Osmund 6,Osmund 6,Person
Osmund 7,Osmund 7,Person
Osmund 8,Osmund 8,Person
Osmund 9,Osmund 9,Person
Osred 2,Osred 2,Person
Osred 4,Osred 4,Person
Osric 10,Osric 10,Person
Osric 11,Osric 11,Person
Osric 2,Osric 2,Person
Osric 3,Osric 3,Person
Osric 4,Osric 4,Person
Osric 7,Osric 7,Person
Osric 8,Osric 8,Person
Osric 9,Osric 9,Person
Osthryth 1,Osthryth 1,Person
Oswald 2,Oswald 2,Person
Oswald 4,Oswald 4,Person
Oswald 5,Oswald 5,Person
Oswald 6,Oswald 6,Person
Oswald 7,Oswald 7,Person
Osweard 2,Osweard 2,Person
Oswed 1,Oswed 1,Person
Oswig 2,Oswig 2,Person
Oswine 2,Oswine 2,Person
Oswine 3,Oswine 3,Person
Oswiu 1,Oswiu 1,Person
Oswudu 2,Oswudu 2,Person
Oswulf 10,Oswulf 10,Person
Oswulf 15,Oswulf 15,Person
Oswulf 3,Oswulf 3,Person
Oswulf 4,Oswulf 4,Person
Oswulf 5,Oswulf 5,Person
Oswulf 6,Oswulf 6,Person
Oswulf 7,Oswulf 7,Person
Oswulf 8,Oswulf 8,Person
Owald 1,Owald 1,Person
Pæga 1,Pæga 1,Person
Pæogthath 1,Pæogthath 1,Person
Pagara 1,Pagara 1,Person
Pant 1,Pant 1,Person
Paschal 2,Paschal 2,Person
Passa 1,Passa 1,Person
Patara 1,Patara 1,Person
Paul 2,Paul 2,Person
Paulinus 1,Paulinus 1,Person
Peada 1,Peada 1,Person
Pede 1,Pede 1,Person
Pehtat 1,Pehtat 1,Person
Pehthat 1,Pehthat 1,Person
Penda 1,Penda 1,Person
Pendhere 1,Pendhere 1,Person
Peot 1,Peot 1,Person
Peot 2,Peot 2,Person
Peter 4,Peter 4,Person
Piahtred 1,Piahtred 1,Person
Pilheard 1,Pilheard 1,Person
Pinca 2,Pinca 2,Person
Pinewald 1,Pinewald 1,Person
Piot 1,Piot 1,Person
Piot 2,Piot 2,Person
Piot 3,Piot 3,Person
Piot 4,Piot 4,Person
Plegberht 1,Plegberht 1,Person
Plegberht 2,Plegberht 2,Person
Plegberht 3,Plegberht 3,Person
Plegheard 1,Plegheard 1,Person
Plegmund 1,Plegmund 1,Person
Plegred 1,Plegred 1,Person
Pleired 1,Pleired 1,Person
Ploesa 1,Ploesa 1,Person
Pohta 1,Pohta 1,Person
Preost 1,Preost 1,Person
Puda 1,Puda 1,Person
Pusa 1,Pusa 1,Person
Putta 2,Putta 2,Person
Putta 3,Putta 3,Person
Putta 4,Putta 4,Person
Puttoc 1,Puttoc 1,Person
Raban 1,Raban 1,Person
Rædfrith 2,Rædfrith 2,Person
Rædnoth 1,Rædnoth 1,Person
Rædwulf 1,Rædwulf 1,Person
Rædwulf 2,Rædwulf 2,Person
Ræthhun 1,Ræthhun 1,Person
Ræthhun 2,Ræthhun 2,Person
Redemptus 1,Redemptus 1,Person
Regngar 1,Regngar 1,Person
Rewe 1,Rewe 1,Person
Ridda 1,Ridda 1,Person
Roman 1,Roman 1,Person
Romanus 3,Romanus 3,Person
Ruta 1,Ruta 1,Person
S1,S1,Document
S10,S10,Document
S100,S100,Document
S101,S101,Document
S102,S102,Document
S103,S103,Document
S103a,S103a,Document
S103b,S103b,Document
S104,S104,Document
S105,S105,Document
S106,S106,Document
S107,S107,Document
S108,S108,Document
S109,S109,Document
S11,S11,Document
S110,S110,Document
S111,S111,Document
S112,S112,Document
S113,S113,Document
S114,S114,Document
S115,S115,Document
S116,S116,Document
S1164,S1164,Document
S1165,S1165,Document
S1166,S1166,Document
S1167,S1167,Document
S1168,S1168,Document
S1169,S1169,Document
S117,S117,Document
S1170,S1170,Document
S1171,S1171,Document
S1172,S1172,Document
S1173,S1173,Document
S1174,S1174,Document
S1175,S1175,Document
S1176,S1176,Document
S1177,S1177,Document
S1178,S1178,Document
S1179,S1179,Document
S118,S118,Document
S1180,S1180,Document
S1181,S1181,Document
S1182,S1182,Document
S1183,S1183,Document
S1184,S1184,Document
S1185,S1185,Document
S1186,S1186,Document
S1186a,S1186a,Document
S1187,S1187,Document
S1188,S1188,Document
S119,S119,Document
S1193,S1193,Document
S1194,S1194,Document
S1195,S1195,Document
S1196,S1196,Document
S1197,S1197,Document
S1198,S1198,Document
S1199,S1199,Document
S12,S12,Document
S120,S120,Document
S1200,S1200,Document
S1201,S1201,Document
S1202,S1202,Document
S1203,S1203,Document
S1204,S1204,Document
S1204a,S1204a,Document
S121,S121,Document
S122,S122,Document
S123,S123,Document
S124,S124,Document
S1244,S1244,Document
S1245,S1245,Document
S1246,S1246,Document
S1247,S1247,Document
S1248,S1248,Document
S1249,S1249,Document
S125,S125,Document
S1250,S1250,Document
S1251,S1251,Document
S1252,S1252,Document
S1253,S1253,Document
S1254,S1254,Document
S1255,S1255,Document
S1256,S1256,Document
S1257,S1257,Document
S1258,S1258,Document
S1259,S1259,Document
S126,S126,Document
S1260,S1260,Document
S1261,S1261,Document
S1262,S1262,Document
S1263,S1263,Document
S1264,S1264,Document
S1265,S1265,Document
S1266,S1266,Document
S1267,S1267,Document
S1268,S1268,Document
S1269,S1269,Document
S127,S127,Document
S1270,S1270,Document
S1271,S1271,Document
S1272,S1272,Document
S1273,S1273,Document
S1274,S1274,Document
S1275,S1275,Document
S1276,S1276,Document
S1277,S1277,Document
S1278,S1278,Document
S1279,S1279,Document
S128,S128,Document
S129,S129,Document
S13,S13,Document
S130,S130,Document
S131,S131,Document
S132,S132,Document
S133,S133,Document
S134,S134,Document
S136,S136,Document
S136a,S136a,Document
S137,S137,Document
S138,S138,Document
S139,S139,Document
S14,S14,Document
S140,S140,Document
S141,S141,Document
S1410,S1410,Document
S1411,S1411,Document
S1412,S1412,Document
S1413,S1413,Document
S1414,S1414,Document
S1415,S1415,Document
S1416,S1416,Document
S142,S142,Document
S1428a,S1428a,Document
S1429,S1429,Document
S143,S143,Document
S1430,S1430,Document
S1430a,S1430a,Document
S1431,S1431,Document
S1431a,S1431a,Document
S1431b,S1431b,Document
S1432,S1432,Document
S1433,S1433,Document
S1434,S1434,Document
S1435,S1435,Document
S1436,S1436,Document
S1437,S1437,Document
S1438,S1438,Document
S1439,S1439,Document
S144,S144,Document
S1440,S1440,Document
S1441,S1441,Document
S1442,S1442,Document
S145,S145,Document
S146,S146,Document
S147,S147,Document
S148,S148,Document
S1482,S1482,Document
S149,S149,Document
S15,S15,Document
S150,S150,Document
S151,S151,Document
S153,S153,Document
S154,S154,Document
S155,S155,Document
S156,S156,Document
S157,S157,Document
S158,S158,Document
S159,S159,Document
S16,S16,Document
S160,S160,Document
S161,S161,Document
S163,S163,Document
S164,S164,Document
S165,S165,Document
S166,S166,Document
S167,S167,Document
S168,S168,Document
S169,S169,Document
S17,S17,Document
S170,S170,Document
S171,S171,Document
S172,S172,Document
S173,S173,Document
S174,S174,Document
S175,S175,Document
S176,S176,Document
S177,S177,Document
S178,S178,Document
S179,S179,Document
S18,S18,Document
S180,S180,Document
S181,S181,Document
S182,S182,Document
S183,S183,Document
S184,S184,Document
S185,S185,Document
S186,S186,Document
S187,S187,Document
S188,S188,Document
S19,S19,Document
S190,S190,Document
S191,S191,Document
S192,S192,Document
S193,S193,Document
S194,S194,Document
S195,S195,Document
S196,S196,Document
S197,S197,Document
S198,S198,Document
S199,S199,Document
S2,S2,Document
S20,S20,Document
S201,S201,Document
S202,S202,Document
S203,S203,Document
S204,S204,Document
S205,S205,Document
S206,S206,Document
S207,S207,Document
S208,S208,Document
S209,S209,Document
S21,S21,Document
S210,S210,Document
S212,S212,Document
S214,S214,Document
S215,S215,Document
S216,S216,Document
S217,S217,Document
S218,S218,Document
S219,S219,Document
S22,S22,Document
S220,S220,Document
S221,S221,Document
S222,S222,Document
S223,S223,Document
S224,S224,Document
S225,S225,Document
S226,S226,Document
S227,S227,Document
S228,S228,Document
S229,S229,Document
S23,S23,Document
S230,S230,Document
S231,S231,Document
S232,S232,Document
S233,S233,Document
S234,S234,Document
S235,S235,Document
S236,S236,Document
S237,S237,Document
S238,S238,Document
S239,S239,Document
S24,S24,Document
S240,S240,Document
S241,S241,Document
S242,S242,Document
S243,S243,Document
S244,S244,Document
S245,S245,Document
S246,S246,Document
S247,S247,Document
S248,S248,Document
S249,S249,Document
S25,S25,Document
S250,S250,Document
S251,S251,Document
S252,S252,Document
S253,S253,Document
S254,S254,Document
S255,S255,Document
S256,S256,Document
S257,S257,Document
S258,S258,Document
S259,S259,Document
S26,S26,Document
S260,S260,Document
S261,S261,Document
S262,S262,Document
S263,S263,Document
S264,S264,Document
S265,S265,Document
S266,S266,Document
S267,S267,Document
S268,S268,Document
S269,S269,Document
S27,S27,Document
S270,S270,Document
S270a,S270a,Document
S271,S271,Document
S272,S272,Document
S273,S273,Document
S274,S274,Document
S275,S275,Document
S276,S276,Document
S277,S277,Document
S278,S278,Document
S279,S279,Document
S28,S28,Document
S280,S280,Document
S281,S281,Document
S282,S282,Document
S283,S283,Document
S284,S284,Document
S285,S285,Document
S286,S286,Document
S287,S287,Document
S288,S288,Document
S289,S289,Document
S29,S29,Document
S290,S290,Document
S291,S291,Document
S292,S292,Document
S293,S293,Document
S294,S294,Document
S294a,S294a,Document
S294b,S294b,Document
S295,S295,Document
S296,S296,Document
S297,S297,Document
S298,S298,Document
S299,S299,Document
S3,S3,Document
S30,S30,Document
S300,S300,Document
S301,S301,Document
S302,S302,Document
S303,S303,Document
S304,S304,Document
S305,S305,Document
S306,S306,Document
S307,S307,Document
S308,S308,Document
S309,S309,Document
S31,S31,Document
S310,S310,Document
S311,S311,Document
S312,S312,Document
S313,S313,Document
S315,S315,Document
S316,S316,Document
S317,S317,Document
S318,S318,Document
S319,S319,Document
S32,S32,Document
S320,S320,Document
S321,S321,Document
S323,S323,Document
S325,S325,Document
S326,S326,Document
S327,S327,Document
S328,S328,Document
S329,S329,Document
S33,S33,Document
S330,S330,Document
S331,S331,Document
S332,S332,Document
S333,S333,Document
S334,S334,Document
S335,S335,Document
S336,S336,Document
S337,S337,Document
S338,S338,Document
S338a,S338a,Document
S339,S339,Document
S34,S34,Document
S340,S340,Document
S341,S341,Document
S342,S342,Document
S343,S343,Document
S343a,S343a,Document
S344,S344,Document
S345,S345,Document
S346,S346,Document
S347,S347,Document
S348,S348,Document
S349,S349,Document
S35,S35,Document
S350,S350,Document
S351,S351,Document
S352,S352,Document
S353,S353,Document
S355,S355,Document
S356,S356,Document
S357,S357,Document
S36,S36,Document
S37,S37,Document
S38,S38,Document
S39,S39,Document
S4,S4,Document
S40,S40,Document
S41,S41,Document
S42,S42,Document
S43,S43,Document
S44,S44,Document
S45,S45,Document
S46,S46,Document
S47,S47,Document
S48,S48,Document
S49,S49,Document
S5,S5,Document
S50,S50,Document
S51,S51,Document
S52,S52,Document
S53,S53,Document
S54,S54,Document
S55,S55,Document
S56,S56,Document
S57,S57,Document
S58,S58,Document
S59,S59,Document
S6,S6,Document
S60,S60,Document
S61,S61,Document
S62,S62,Document
S63,S63,Document
S64,S64,Document
S65,S65,Document
S65a,S65a,Document
S65b,S65b,Document
S66,S66,Document
S67,S67,Document
S68,S68,Document
S69,S69,Document
S7,S7,Document
S70,S70,Document
S71,S71,Document
S72,S72,Document
S73,S73,Document
S74,S74,Document
S75,S75,Document
S76,S76,Document
S77,S77,Document
S78,S78,Document
S79,S79,Document
S8,S8,Document
S80,S80,Document
S81,S81,Document
S83,S83,Document
S84,S84,Document
S85,S85,Document
S86,S86,Document
S87,S87,Document
S88,S88,Document
S89,S89,Document
S9,S9,Document
S90,S90,Document
S91,S91,Document
S92,S92,Document
S93,S93,Document
S94,S94,Document
S95,S95,Document
S96,S96,Document
S97,S97,Document
S98,S98,Document
S99,S99,Document
Saba 1,Saba 1,Person
Sæberht 2,Sæberht 2,Person
Sæthryth 2,Sæthryth 2,Person
Sceafthere 2,Sceafthere 2,Person
Sceftwine 1,Sceftwine 1,Person
Scilling 1,Scilling 1,Person
Scira 1,Scira 1,Person
Scirheard 1,Scirheard 1,Person
Seaxburg 2,Seaxburg 2,Person
Seaxwulf 1,Seaxwulf 1,Person
Sebbe 1,Sebbe 1,Person
Seferth 1,Seferth 1,Person
Seferth 2,Seferth 2,Person
Seferth 3,Seferth 3,Person
Seferth 4,Seferth 4,Person
Seleburg 1,Seleburg 1,Person
Selered 1,Selered 1,Person
Selered 2,Selered 2,Person
Selethryth 1,Selethryth 1,Person
Selheard 1,Selheard 1,Person
Selred 1,Selred 1,Person
Sherborne 1,Sherborne 1,Person
Siba 1,Siba 1,Person
Sibba 2,Sibba 2,Person
Sidemann 1,Sidemann 1,Person
Sig... 1,Sig... 1,Person
Sigebald 1,Sigebald 1,Person
Sigebed 1,Sigebed 1,Person
Sigebed 2,Sigebed 2,Person
Sigeberht 11,Sigeberht 11,Person
Sigeberht 6,Sigeberht 6,Person
Sigeberht 8,Sigeberht 8,Person
Sigeberht 9,Sigeberht 9,Person
Sigeburg 1,Sigeburg 1,Person
Sigefrith 4,Sigefrith 4,Person
Sigefrith 5,Sigefrith 5,Person
Sigefrith 6,Sigefrith 6,Person
Sigefrith 7,Sigefrith 7,Person
Sigeheard 1,Sigeheard 1,Person
Sigeheard 2,Sigeheard 2,Person
Sigehelm 3,Sigehelm 3,Person
Sigehelm 4,Sigehelm 4,Person
Sigehere 1,Sigehere 1,Person
Sigehere 3,Sigehere 3,Person
Sigemund 1,Sigemund 1,Person
Sigemund 2,Sigemund 2,Person
Sigenoth 1,Sigenoth 1,Person
Sigered 2,Sigered 2,Person
Sigered 3,Sigered 3,Person
Sigered 4,Sigered 4,Person
Sigered 5,Sigered 5,Person
Sigered 6,Sigered 6,Person
Sigeric 2,Sigeric 2,Person
Sigestef 1,Sigestef 1,Person
Sigethryth 1,Sigethryth 1,Person
Sigewald 1,Sigewald 1,Person
Sigewulf 3,Sigewulf 3,Person
Sigewulf 5,Sigewulf 5,Person
Sigewulf 8,Sigewulf 8,Person
Sigrinus 1,Sigrinus 1,Person
Sired 1,Sired 1,Person
Sireric 1,Sireric 1,Person
Snocca 1,Snocca 1,Person
Snyda 1,Snyda 1,Person
Sranglic 1,Sranglic 1,Person
St Albans 1,St Albans 1,Person
Stithberht 1,Stithberht 1,Person
Stithberht 2,Stithberht 2,Person
Stronglic 1,Stronglic 1,Person
Strygel 1,Strygel 1,Person
Sucga 1,Sucga 1,Person
Sulf 1,Sulf 1,Person
Sullede 1,Sullede 1,Person
Suydred 1,Suydred 1,Person
Swæberht 1,Swæberht 1,Person
Swæfheard 1,Swæfheard 1,Person
Swæfred 1,Swæfred 1,Person
Sweard 1,Sweard 1,Person
Swidfrith 1,Swidfrith 1,Person
Swithbald 1,Swithbald 1,Person
Swithberht 2,Swithberht 2,Person
Swithberht 3,Swithberht 3,Person
Swithhun 2,Swithhun 2,Person
Swithhun 3,Swithhun 3,Person
Swithhun 4,Swithhun 4,Person
Swithhun 5,Swithhun 5,Person
Swithhun 6,Swithhun 6,Person
Swithnoth 1,Swithnoth 1,Person
Swithwale 1,Swithwale 1,Person
Swithwulf 1,Swithwulf 1,Person
Swithwulf 2,Swithwulf 2,Person
Tæbba 1,Tæbba 1,Person
Tata 2,Tata 2,Person
Tathere 1,Tathere 1,Person
Tatnoth 1,Tatnoth 1,Person
Tatwine 2,Tatwine 2,Person
Teoda 1,Teoda 1,Person
Teol 1,Teol 1,Person
Tepra 1,Tepra 1,Person
Tepra 2,Tepra 2,Person
Thangisl 1,Thangisl 1,Person
Theabul 1,Theabul 1,Person
Theodebert 1,Theodebert 1,Person
Theodore 1,Theodore 1,Person
Theodore 2,Theodore 2,Person
Theodore 3,Theodore 3,Person
Theodred 3,Theodred 3,Person
Thingfrith 1,Thingfrith 1,Person
Thingfrith 2,Thingfrith 2,Person
Tiba 1,Tiba 1,Person
Ticcea 1,Ticcea 1,Person
Tida 1,Tida 1,Person
Tida 2,Tida 2,Person
Tida 3,Tida 3,Person
Tida 4,Tida 4,Person
Tidbald 1,Tidbald 1,Person
Tidbald 2,Tidbald 2,Person
Tidbald 3,Tidbald 3,Person
Tidbald 4,Tidbald 4,Person
Tidbald 5,Tidbald 5,Person
Tidbalth 1,Tidbalth 1,Person
Tidberht 1,Tidberht 1,Person
Tidberht 2,Tidberht 2,Person
Tidberht 3,Tidberht 3,Person
Tidburg 1,Tidburg 1,Person
Tidburg 2,Tidburg 2,Person
Tidfrith 1,Tidfrith 1,Person
Tidheah 1,Tidheah 1,Person
Tidheah 2,Tidheah 2,Person
Tidhelm 1,Tidhelm 1,Person
Tidhun 1,Tidhun 1,Person
Tidwald 1,Tidwald 1,Person
Tidwulf 1,Tidwulf 1,Person
Tidwulf 2,Tidwulf 2,Person
Tidwulf 3,Tidwulf 3,Person
Tidwulf 4,Tidwulf 4,Person
Tigga 1,Tigga 1,Person
Tilberht 1,Tilberht 1,Person
Tilberht 3,Tilberht 3,Person
Tilberht 4,Tilberht 4,Person
Tilhere 1,Tilhere 1,Person
Tilhere 2,Tilhere 2,Person
Tilred 1,Tilred 1,Person
Tilthegn 1,Tilthegn 1,Person
Tilwine 1,Tilwine 1,Person
Tiolf 1,Tiolf 1,Person
Tirwald 1,Tirwald 1,Person
Tirwald 2,Tirwald 2,Person
Tirwulf 1,Tirwulf 1,Person
Tisbury 1,Tisbury 1,Person
Tobias 1,Tobias 1,Person
Tobias 2,Tobias 2,Person
Tochta 1,Tochta 1,Person
Torhthelm 2,Torhthelm 2,Person
Torhthelm 3,Torhthelm 3,Person
Torhthelm 4,Torhthelm 4,Person
Torhthelm 5,Torhthelm 5,Person
Torhthelm 6,Torhthelm 6,Person
Torhthere 1,Torhthere 1,Person
Torhtred 1,Torhtred 1,Person
Torhtred 2,Torhtred 2,Person
Torhtred 3,Torhtred 3,Person
Torhtred 4,Torhtred 4,Person
Torhtwald 1,Torhtwald 1,Person
Torhtwald 2,Torhtwald 2,Person
Tota 1,Tota 1,Person
Tota 2,Tota 2,Person
Totta 1,Totta 1,Person
Totta 2,Totta 2,Person
Treda 1,Treda 1,Person
Trumwine 1,Trumwine 1,Person
Truttuc 1,Truttuc 1,Person
Tucca 1,Tucca 1,Person
Tuda 1,Tuda 1,Person
Tudda 1,Tudda 1,Person
Tudda 2,Tudda 2,Person
Tuddel 1,Tuddel 1,Person
Tuduna 1,Tuduna 1,Person
Tuna 1,Tuna 1,Person
Tuna 2,Tuna 2,Person
Tunberht 2,Tunberht 2,Person
Tunberht 3,Tunberht 3,Person
Tunberht 4,Tunberht 4,Person
Tunred 1,Tunred 1,Person
Tunwald 1,Tunwald 1,Person
Tunwulf 1,Tunwulf 1,Person
Turtuc 1,Turtuc 1,Person
Tutta 1,Tutta 1,Person
Tycca 1,Tycca 1,Person
Tycca 2,Tycca 2,Person
Tymbel 1,Tymbel 1,Person
Tyrdda 1,Tyrdda 1,Person
Tyrhtel 1,Tyrhtel 1,Person
Ubba 1,Ubba 1,Person
Ubba 2,Ubba 2,Person
Ubba 3,Ubba 3,Person
Uda 1,Uda 1,Person
Udda 1,Udda 1,Person
Ufa 1,Ufa 1,Person
Uhtferth 1,Uhtferth 1,Person
Uhtlufe 1,Uhtlufe 1,Person
Uhtred 2,Uhtred 2,Person
Uhtred 4,Uhtred 4,Person
Uhtred 5,Uhtred 5,Person
Uhtred 6,Uhtred 6,Person
Umming 1,Umming 1,Person
Unwona 2,Unwona 2,Person
Urta 1,Urta 1,Person
Utel 1,Utel 1,Person
Vitale 1,Vitale 1,Person
Vitalian 1,Vitalian 1,Person
Wada 1,Wada 1,Person
Wada 2,Wada 2,Person
Wadda 1,Wadda 1,Person
Wæba 1,Wæba 1,Person
Wærbald 1,Wærbald 1,Person
Wærbald 2,Wærbald 2,Person
Wærbald 3,Wærbald 3,Person
Wærbald 4,Wærbald 4,Person
Wærberht 2,Wærberht 2,Person
Wærberht 3,Wærberht 3,Person
Wærberht 4,Wærberht 4,Person
Wærburg 1,Wærburg 1,Person
Wærburg 3,Wærburg 3,Person
Wærfrith 1,Wærfrith 1,Person
Wærfrith 2,Wærfrith 2,Person
Wærfrith 3,Wærfrith 3,Person
Wærfrith 4,Wærfrith 4,Person
Wærfrith 5,Wærfrith 5,Person
Wærfrith 6,Wærfrith 6,Person
Wærheard 1,Wærheard 1,Person
Wærheard 2,Wærheard 2,Person
Wærmund 10,Wærmund 10,Person
Wærmund 3,Wærmund 3,Person
Wærmund 4,Wærmund 4,Person
Wærmund 5,Wærmund 5,Person
Wærmund 6,Wærmund 6,Person
Wærmund 8,Wærmund 8,Person
Wærmund 9,Wærmund 9,Person
Wærnoth 3,Wærnoth 3,Person
Wærnoth 4,Wærnoth 4,Person
Wærwulf 1,Wærwulf 1,Person
Wærwulf 2,Wærwulf 2,Person
Wærwulf 3,Wærwulf 3,Person
Wale 2,Wale 2,Person
Walenburg 1,Walenburg 1,Person
Wallath 1,Wallath 1,Person
Walter 1,Walter 1,Person
Watt 1,Watt 1,Person
Wbald 1,Wbald 1,Person
Weahtræth 1,Weahtræth 1,Person
Wealdhelm 1,Wealdhelm 1,Person
Wealdhelm 2,Wealdhelm 2,Person
Wealdhelm 3,Wealdhelm 3,Person
Wealdhere 1,Wealdhere 1,Person
Wealdhere 2,Wealdhere 2,Person
Wealdhere 3,Wealdhere 3,Person
Wealdhere 4,Wealdhere 4,Person
Wealdhere 5,Wealdhere 5,Person
Wealdhere 6,Wealdhere 6,Person
Wealdhere 7,Wealdhere 7,Person
Wealh 1,Wealh 1,Person
Wealh 2,Wealh 2,Person
Wealhberht 1,Wealhberht 1,Person
Wealheard 1,Wealheard 1,Person
Wealheard 2,Wealheard 2,Person
Wealhhere 1,Wealhhere 1,Person
Wealhhere 2,Wealhhere 2,Person
Wealhhere 3,Wealhhere 3,Person
Wealhhere 4,Wealhhere 4,Person
Wealhhere 5,Wealhhere 5,Person
Wealhhere 6,Wealhhere 6,Person
Wealhhun 1,Wealhhun 1,Person
Wealhstod 2,Wealhstod 2,Person
Wealhstod 3,Wealhstod 3,Person
Wecca 1,Wecca 1,Person
Wecta 1,Wecta 1,Person
Wedr 1,Wedr 1,Person
Wehthelm 1,Wehthelm 1,Person
Welhisc 1,Welhisc 1,Person
Welisc 1,Welisc 1,Person
Werenberht 1,Werenberht 1,Person
Werenberht 2,Werenberht 2,Person
Werenberht 3,Werenberht 3,Person
Werenberht 4,Werenberht 4,Person
Wicgga 1,Wicgga 1,Person
Wicgga 2,Wicgga 2,Person
Wiferd 1,Wiferd 1,Person
Wifrith 1,Wifrith 1,Person
Wifrith 2,Wifrith 2,Person
Wiga 1,Wiga 1,Person
Wigberht 1,Wigberht 1,Person
Wigberht 10,Wigberht 10,Person
Wigberht 4,Wigberht 4,Person
Wigberht 5,Wigberht 5,Person
Wigberht 6,Wigberht 6,Person
Wigberht 7,Wigberht 7,Person
Wigberht 8,Wigberht 8,Person
Wigberht 9,Wigberht 9,Person
Wigburg 1,Wigburg 1,Person
Wigcga 1,Wigcga 1,Person
Wigfrith 3,Wigfrith 3,Person
Wigfrith 4,Wigfrith 4,Person
Wigfrith 5,Wigfrith 5,Person
Wigfrith 6,Wigfrith 6,Person
Wigfrith 8,Wigfrith 8,Person
Wigfrith 9,Wigfrith 9,Person
Wighaath 1,Wighaath 1,Person
Wigheah 1,Wigheah 1,Person
Wigheard 10,Wigheard 10,Person
Wigheard 11,Wigheard 11,Person
Wigheard 14,Wigheard 14,Person
Wigheard 3,Wigheard 3,Person
Wigheard 4,Wigheard 4,Person
Wigheard 5,Wigheard 5,Person
Wigheard 6,Wigheard 6,Person
Wigheard 7,Wigheard 7,Person
Wigheard 8,Wigheard 8,Person
Wigheard 9,Wigheard 9,Person
Wighelm 1,Wighelm 1,Person
Wighelm 10,Wighelm 10,Person
Wighelm 11,Wighelm 11,Person
Wighelm 3,Wighelm 3,Person
Wighelm 4,Wighelm 4,Person
Wighelm 5,Wighelm 5,Person
Wighelm 6,Wighelm 6,Person
Wighelm 7,Wighelm 7,Person
Wighelm 8,Wighelm 8,Person
Wighelm 9,Wighelm 9,Person
Wighere 1,Wighere 1,Person
Wiglaf 1,Wiglaf 1,Person
Wiglaf 2,Wiglaf 2,Person
Wiglaf 3,Wiglaf 3,Person
Wigmund 2,Wigmund 2,Person
Wigmund 3,Wigmund 3,Person
Wigmund 4,Wigmund 4,Person
Wigmund 5,Wigmund 5,Person
Wignoth 1,Wignoth 1,Person
Wigred 2,Wigred 2,Person
Wigred 3,Wigred 3,Person
Wigstan 1,Wigstan 1,Person
Wigstan 2,Wigstan 2,Person
Wigstan 3,Wigstan 3,Person
Wigswith 1,Wigswith 1,Person
Wigthegn 1,Wigthegn 1,Person
Wigthegn 2,Wigthegn 2,Person
Wiheard 1,Wiheard 1,Person
Wihtbald 1,Wihtbald 1,Person
Wihtberht 1,Wihtberht 1,Person
Wihtbrord 1,Wihtbrord 1,Person
Wihtbrord 2,Wihtbrord 2,Person
Wihtbrord 3,Wihtbrord 3,Person
Wihtfer 1,Wihtfer 1,Person
Wihtgar 2,Wihtgar 2,Person
Wihtgar 3,Wihtgar 3,Person
Wihtgar 4,Wihtgar 4,Person
Wihtheard 1,Wihtheard 1,Person
Wihtheard 2,Wihtheard 2,Person
Wihthelm 1,Wihthelm 1,Person
Wihthelm 2,Wihthelm 2,Person
Wihthere 1,Wihthere 1,Person
Wihthun 1,Wihthun 1,Person
Wihthun 2,Wihthun 2,Person
Wihting 1,Wihting 1,Person
Wihtnoth 1,Wihtnoth 1,Person
Wihtred 1,Wihtred 1,Person
Wihtred 10,Wihtred 10,Person
Wihtred 2,Wihtred 2,Person
Wihtred 3,Wihtred 3,Person
Wihtred 4,Wihtred 4,Person
Wihtred 5,Wihtred 5,Person
Wihtred 6,Wihtred 6,Person
Wihtred 7,Wihtred 7,Person
Wihtred 8,Wihtred 8,Person
Wihtred 9,Wihtred 9,Person
Wilfrid 1,Wilfrid 1,Person
Wilfrid 2,Wilfrid 2,Person
Wilfrid 5,Wilfrid 5,Person
Wilfrid 6,Wilfrid 6,Person
Wilfrid 7,Wilfrid 7,Person
Wilfrith 1,Wilfrith 1,Person
Wilfrith 2,Wilfrith 2,Person
Wilfrith 3,Wilfrith 3,Person
Wilgar 1,Wilgar 1,Person
Wilheard 1,Wilheard 1,Person
Wilheard 2,Wilheard 2,Person
Wilheard 3,Wilheard 3,Person
Wilhere 1,Wilhere 1,Person
Willa 1,Willa 1,Person
Willa 2,Willa 2,Person
Willa 3,Willa 3,Person
Willa 4,Willa 4,Person
Willap 1,Willap 1,Person
Willegod 1,Willegod 1,Person
Willhere 1,Willhere 1,Person
Willibald 1,Willibald 1,Person
Willibald 2,Willibald 2,Person
Willibald 3,Willibald 3,Person
Willibroth 1,Willibroth 1,Person
Willifrat 1,Willifrat 1,Person
Willigeld 1,Willigeld 1,Person
Willmund 1,Willmund 1,Person
Willnoth 1,Willnoth 1,Person
Willnoth 2,Willnoth 2,Person
Willoc 1,Willoc 1,Person
Willred 1,Willred 1,Person
Willred 2,Willred 2,Person
Wimberht 1,Wimberht 1,Person
Wimund 1,Wimund 1,Person
Wimund 2,Wimund 2,Person
Winberht 1,Winberht 1,Person
Wincelin 1,Wincelin 1,Person
Wine 1,Wine 1,Person
Wine 2,Wine 2,Person
Wine 3,Wine 3,Person
Wine 4,Wine 4,Person
Wine 5,Wine 5,Person
Winegeld 1,Winegeld 1,Person
Winemund 1,Winemund 1,Person
Wingbald 1,Wingbald 1,Person
Wintra 1,Wintra 1,Person
Wiohstan 1,Wiohstan 1,Person
Wiohstan 2,Wiohstan 2,Person
Wired 1,Wired 1,Person
Wita 1,Wita 1,Person
Witta 2,Witta 2,Person
Woking 1,Woking 1,Person
Wor 2,Wor 2,Person
Wor 3,Wor 3,Person
Wor 4,Wor 4,Person
Worre 1,Worre 1,Person
Wuda 1,Wuda 1,Person
Wudda 1,Wudda 1,Person
Wulferd 1,Wulferd 1,Person
Wulfgar 1,Wulfgar 1,Person
Wulfgar 11,Wulfgar 11,Person
Wulfgar 2,Wulfgar 2,Person
Wulfgyth 3,Wulfgyth 3,Person
Wulfhar 1,Wulfhar 1,Person
Wulfhat 1,Wulfhat 1,Person
Wulfheah 2,Wulfheah 2,Person
Wulfheard 10,Wulfheard 10,Person
Wulfheard 11,Wulfheard 11,Person
Wulfheard 12,Wulfheard 12,Person
Wulfheard 13,Wulfheard 13,Person
Wulfheard 14,Wulfheard 14,Person
Wulfheard 15,Wulfheard 15,Person
Wulfheard 16,Wulfheard 16,Person
Wulfheard 18,Wulfheard 18,Person
Wulfheard 2,Wulfheard 2,Person
Wulfheard 3,Wulfheard 3,Person
Wulfheard 4,Wulfheard 4,Person
Wulfheard 5,Wulfheard 5,Person
Wulfheard 6,Wulfheard 6,Person
Wulfheard 7,Wulfheard 7,Person
Wulfheard 8,Wulfheard 8,Person
Wulfheard 9,Wulfheard 9,Person
Wulfhelm 1,Wulfhelm 1,Person
Wulfhelm 3,Wulfhelm 3,Person
Wulfhelm 4,Wulfhelm 4,Person
Wulfhelm 6,Wulfhelm 6,Person
Wulfhere 1,Wulfhere 1,Person
Wulfhere 10,Wulfhere 10,Person
Wulfhere 17,Wulfhere 17,Person
Wulfhere 2,Wulfhere 2,Person
Wulfhere 3,Wulfhere 3,Person
Wulfhere 4,Wulfhere 4,Person
Wulfhere 5,Wulfhere 5,Person
Wulfhere 6,Wulfhere 6,Person
Wulfhere 7,Wulfhere 7,Person
Wulfhere 9,Wulfhere 9,Person
Wulfhun 1,Wulfhun 1,Person
Wulfhun 2,Wulfhun 2,Person
Wulfhun 8,Wulfhun 8,Person
Wulflaf 1,Wulflaf 1,Person
Wulflaf 10,Wulflaf 10,Person
Wulflaf 11,Wulflaf 11,Person
Wulflaf 13,Wulflaf 13,Person
Wulflaf 2,Wulflaf 2,Person
Wulflaf 3,Wulflaf 3,Person
Wulflaf 4,Wulflaf 4,Person
Wulflaf 5,Wulflaf 5,Person
Wulflaf 6,Wulflaf 6,Person
Wulflaf 7,Wulflaf 7,Person
Wulflaf 8,Wulflaf 8,Person
Wulflaf 9,Wulflaf 9,Person
Wulfmær 1,Wulfmær 1,Person
Wulfred 1,Wulfred 1,Person
Wulfred 10,Wulfred 10,Person
Wulfred 11,Wulfred 11,Person
Wulfred 12,Wulfred 12,Person
Wulfred 13,Wulfred 13,Person
Wulfred 14,Wulfred 14,Person
Wulfred 15,Wulfred 15,Person
Wulfred 2,Wulfred 2,Person
Wulfred 3,Wulfred 3,Person
Wulfred 4,Wulfred 4,Person
Wulfred 5,Wulfred 5,Person
Wulfred 6,Wulfred 6,Person
Wulfred 7,Wulfred 7,Person
Wulfred 8,Wulfred 8,Person
Wulfred 9,Wulfred 9,Person
Wulfric 10,Wulfric 10,Person
Wulfric 5,Wulfric 5,Person
Wulfric 7,Wulfric 7,Person
Wulfric 8,Wulfric 8,Person
Wulfric 9,Wulfric 9,Person
Wulfsige 4,Wulfsige 4,Person
Wulfsige 6,Wulfsige 6,Person
Wulfsige 7,Wulfsige 7,Person
Wulfsige 8,Wulfsige 8,Person
Wulfsige 9,Wulfsige 9,Person
Wulfstan 2,Wulfstan 2,Person
Wulfstan 5,Wulfstan 5,Person
Wulfstan 6,Wulfstan 6,Person
Wulfthryth 1,Wulfthryth 1,Person
Wulfthryth 2,Wulfthryth 2,Person
Wulfthryth 3,Wulfthryth 3,Person
Wullaf 1,Wullaf 1,Person
Wullaf 2,Wullaf 2,Person
Wullaf 3,Wullaf 3,Person
Wullaf 4,Wullaf 4,Person
Wullaf 5,Wullaf 5,Person
Wye 1,Wye 1,Person
Wyefferth 1,Wyefferth 1,Person
Wynnbald 1,Wynnbald 1,Person
Wynnbald 2,Wynnbald 2,Person
Wynnberht 1,Wynnberht 1,Person
Wynnberht 2,Wynnberht 2,Person
Wynnberht 3,Wynnberht 3,Person
Wynnfrith 1,Wynnfrith 1,Person
Wynnhelm 2,Wynnhelm 2,Person
Wynnhelm 3,Wynnhelm 3,Person
Wynnhelm 4,Wynnhelm 4,Person
Wynnhelm 5,Wynnhelm 5,Person
Wynnhere 1,Wynnhere 1,Person
Wynnhere 2,Wynnhere 2,Person
Wynnsige 11,Wynnsige 11,Person
Wynnsige 5,Wynnsige 5,Person
Wyothrican 1,Wyothrican 1,Person
Ytna 1,Ytna 1,Person
